first_name,second_name,goals_scored,assists,total_points,minutes,goals_conceded,creativity,influence,threat,bonus,bps,ict_index,clean_sheets,red_cards,yellow_cards,selected_by_percent,now_cost,element_type,value_per_m
David,Raya Martín,0,0,15,270,1,0.0,46.2,0.0,0,60,4.7,2,0,0,38.9,60,GK,2.5
Kepa,Arrizabalaga Revuelta,0,0,0,0,0,0.0,0.0,0.0,0,0,0.0,0,0,0,0.1,49,GK,0.0
Illan,Meslier,0,0,0,0,0,0.0,0.0,0.0,0,0,0.0,0,0,0,0.0,49,GK,0.0
Gabriel,dos Santos Magalhães,0,0,15,270,1,7.4,48.4,83.0,0,54,13.8,2,0,1,24.6,80,DEF,1.9
Jurriën,Timber,0,0,0,0,0,0.0,0.0,0.0,0,0,0.0,0,0,0,0.1,65,DEF,0.0
William,Saliba,0,0,0,0,0,0.0,0.0,0.0,0,0,0.0,0,0,0,0.2,59,DEF,0.0
Myles,Lewis-Skelly,0,0,8,226,1,38.8,21.6,16.0,0,35,7.0,2,0,0,0.7,55,MID,1.5
Riccardo,Calafiori,0,2,22,236,1,27.3,51.6,39.0,2,61,11.8,2,0,0,48.0,57,DEF,3.9
Piero,Hincapié,0,0,2,32,0,1.0,6.4,2.0,0,6,1.0,0,0,0,1.1,53,DEF,0.4
Benjamin,White,0,1,20,270,1,52.2,65.4,23.0,3,74,14.1,2,0,0,7.6,55,DEF,3.6
Cristhian,Mosquera,0,0,12,168,0,2.0,24.6,0.0,0,52,2.7,2,0,0,3.3,54,DEF,2.2
Bukayo,Saka,2,0,22,246,1,61.9,94.4,147.0,4,95,30.3,2,0,0,11.4,95,MID,2.3
Declan,Rice,0,1,13,241,1,53.9,64.6,4.0,0,51,12.3,2,0,0,13.5,74,MID,1.8
Eberechi,Eze,0,0,2,59,0,3.8,1.6,3.0,0,10,0.7,0,0,0,1.3,64,MID,0.3
Martin,Ødegaard,2,0,24,221,1,102.5,102.4,66.0,6,101,27.1,2,0,0,14.8,66,MID,3.6
Noni,Madueke,0,0,2,23,0,43.9,11.6,0.0,0,11,5.6,0,0,0,0.2,63,MID,0.3
Mikel,Merino Zazón,0,0,2,46,0,3.3,6.4,14.0,0,12,2.4,0,0,1,0.5,59,MID,0.3
Gabriel,Martinelli Silva,0,0,0,0,0,0.0,0.0,0.0,0,0,0.0,0,0,0,0.1,63,MID,0.0
Martín,Zubimendi Ibáñez,0,0,3,50,0,4.0,10.0,11.0,0,9,2.5,0,0,0,0.7,54,MID,0.6
Max,Dowman,0,0,0,0,0,0.0,0.0,0.0,0,0,0.0,0,0,0,0.1,53,MID,0.0
Ethan,Nwaneri,0,0,0,0,0,0.0,0.0,0.0,0,0,0.0,0,0,0,0.0,54,MID,0.0
Fábio,Ferreira Vieira,0,0,0,0,0,0.0,0.0,0.0,0,0,0.0,0,0,0,0.0,55,MID,0.0
Reiss,Nelson,0,0,0,0,0,0.0,0.0,0.0,0,0,0.0,0,0,0,0.0,55,MID,0.0
Viktor,Gyökeres,0,0,1,12,0,0.1,0.0,0.0,0,2,0.0,0,0,0,4.0,73,FWD,0.1
Kai,Havertz,2,0,16,257,1,53.6,82.6,105.0,2,77,24.1,2,0,0,7.6,75,FWD,2.1
Gabriel,Fernando de Jesus,0,0,0,0,0,0.0,0.0,0.0,0,0,0.0,0,0,0,0.2,59,FWD,0.0
Ezri,Konsa Ngoyo,0,0,5,101,1,1.5,22.6,4.0,0,18,2.8,0,0,0,14.0,44,DEF,1.1
Bruno,Guimarães Rodriguez Moura,0,0,1,19,0,0.8,1.4,2.0,0,4,0.4,0,0,0,1.8,68,MID,0.1
Christos,Tzolis,0,2,11,210,1,101.6,47.6,38.0,1,62,18.8,1,0,2,17.1,64,MID,1.7
Marco,Bizot,0,0,1,90,4,0.0,28.2,0.0,0,1,2.8,0,0,0,0.1,45,GK,0.2
Lucas,Digne,0,0,0,0,0,0.0,0.0,0.0,0,0,0.0,0,0,0,0.1,45,DEF,0.0
Matty,Cash,0,0,7,251,5,19.2,32.4,13.0,0,23,6.5,1,0,1,6.7,45,DEF,1.6
Tyrone,Mings,0,0,7,106,0,4.4,16.8,13.0,0,33,3.4,1,0,0,0.4,45,DEF,1.6
Pau,Torres,0,0,2,163,5,1.5,11.0,0.0,0,-8,1.2,0,0,0,0.4,45,DEF,0.4
Lamare,Bogarde,0,0,1,16,0,0.5,2.2,0.0,0,3,0.3,0,0,0,0.1,50,MID,0.2
Ian,Maatsen,0,0,8,245,5,21.1,24.6,19.0,1,15,6.4,1,0,1,0.8,45,DEF,1.8
Victor,Lindelöf,0,0,6,270,5,26.2,39.2,2.0,0,25,6.7,1,0,0,0.3,45,DEF,1.3
Andrés,García,0,0,0,0,0,0.0,0.0,0.0,0,0,0.0,0,0,0,1.7,40,DEF,0.0
Kosta,Nedeljkovic,0,0,0,0,0,0.0,0.0,0.0,0,0,0.0,0,0,0,0.2,40,DEF,0.0
Emiliano,Buendía Stati,0,0,7,249,5,40.3,5.0,24.0,0,15,6.3,1,0,0,1.0,59,MID,1.2
Leon,Bailey,0,0,0,0,0,0.0,0.0,0.0,0,0,0.0,0,0,0,0.1,54,MID,0.0
John,McGinn,0,0,5,261,5,20.0,3.0,15.0,0,16,3.3,1,0,2,2.3,54,MID,0.9
Ross,Barkley,0,0,7,240,5,78.8,35.8,24.0,0,49,13.9,1,0,0,0.3,50,MID,1.4
Boubacar,Kamara,0,0,7,270,5,43.2,35.4,0.0,0,42,7.9,1,0,0,0.3,50,MID,1.4
Amadou,Onana,0,0,0,0,0,0.0,0.0,0.0,0,0,0.0,0,0,0,0.0,50,MID,0.0
Samuel,Iling-Junior,0,0,0,0,0,0.0,0.0,0.0,0,0,0.0,0,0,0,0.0,50,MID,0.0
Bradley,Burrowes,0,0,0,0,0,0.0,0.0,0.0,0,0,0.0,0,0,0,0.7,45,MID,0.0
George,Hemmings,0,0,7,234,5,29.4,23.2,23.0,0,29,7.5,1,0,0,1.2,45,MID,1.6
Alysson Edward Franco,da Rocha dos Santos,0,0,2,42,0,2.6,5.4,2.0,0,10,1.0,0,0,1,0.0,50,MID,0.4
Johan,Manzambi,0,0,0,0,0,0.0,0.0,0.0,0,0,0.0,0,0,0,0.1,59,MID,0.0
Joao,Gomes,0,0,-2,39,4,11.0,1.0,0.0,0,-2,1.2,0,1,0,0.0,55,MID,-0.4
Ollie,Watkins,0,0,0,0,0,0.0,0.0,0.0,0,0,0.0,0,0,0,3.3,78,FWD,0.0
Tammy,Abraham,0,0,2,24,0,2.3,2.0,0.0,0,6,0.4,0,0,0,0.2,55,FWD,0.4
Alejandro,Garnacho Ferreyra,0,0,3,31,0,3.6,1.2,0.0,0,9,0.5,0,0,0,0.4,59,MID,0.5
Nicolas,Jackson,0,0,4,154,1,23.4,5.4,22.0,0,21,5.1,1,0,0,1.1,65,FWD,0.6
Brian,Madjo,0,0,0,0,0,0.0,0.0,0.0,0,0,0.0,0,0,0,0.3,55,FWD,0.0
Matteo,Ruggeri,0,0,2,23,0,2.6,6.6,0.0,0,6,0.9,0,0,0,0.1,45,DEF,0.4
Zion,Suzuki,0,0,12,180,1,0.0,40.8,0.0,3,46,4.1,1,0,0,1.6,50,GK,2.4
Triston,Rowe,0,0,0,0,0,0.0,0.0,0.0,0,0,0.0,0,0,0,0.2,40,DEF,0.0
Luka,Lynch,0,0,0,0,0,0.0,0.0,0.0,0,0,0.0,0,0,0,0.1,45,MID,0.0
Aaron,Wan-Bissaka,0,0,2,17,0,1.7,6.4,0.0,0,7,0.8,0,0,0,0.2,45,DEF,0.4
Leon,Goretzka,0,0,0,0,0,0.0,0.0,0.0,0,0,0.0,0,0,0,0.0,60,MID,0.0
Taylor,Harwood-Bellis,0,0,0,0,0,0.0,0.0,0.0,0,0,0.0,0,0,0,0.0,45,DEF,0.0
Ibrahim,Mbaye,0,0,0,0,0,0.0,0.0,0.0,0,0,0.0,0,0,0,0.1,60,MID,0.0
Đorđe,Petrović,0,0,6,270,5,0.0,74.0,0.0,0,33,7.4,0,0,0,3.3,45,GK,1.3
Fraser,Forster,0,0,0,0,0,0.0,0.0,0.0,0,0,0.0,0,0,0,3.4,40,GK,0.0
Will,Dennis,0,0,0,0,0,0.0,0.0,0.0,0,0,0.0,0,0,0,0.1,40,GK,0.0
James,Hill,0,0,6,270,5,52.8,54.0,6.0,0,23,11.3,0,0,0,0.8,55,DEF,1.1
Adrien,Truffert,0,0,5,270,5,40.7,53.4,6.0,2,24,10.1,0,0,1,3.5,55,DEF,0.9
Bafodé,Diakité,0,0,0,0,0,0.0,0.0,0.0,0,0,0.0,0,0,0,0.2,50,DEF,0.0
Veljko,Milosavljevic,0,0,0,0,0,0.0,0.0,0.0,0,0,0.0,0,0,0,0.0,50,DEF,0.0
Adam,Smith,0,0,2,270,5,41.6,32.2,4.0,0,12,7.8,0,0,2,0.1,45,DEF,0.4
Julián,Araujo Zúñiga,0,0,0,0,0,0.0,0.0,0.0,0,0,0.0,0,0,0,0.0,44,DEF,0.0
Julio,Soler Barreto,0,0,0,0,0,0.0,0.0,0.0,0,0,0.0,0,0,0,0.3,40,DEF,0.0
Rayan Vitor,Simplício Rocha,0,0,6,266,4,15.7,16.4,71.0,0,21,10.4,0,0,0,2.0,64,MID,0.9
Marcus,Tavernier,2,0,21,268,5,68.7,101.6,106.0,6,95,27.6,0,0,1,3.3,60,MID,3.5
Alex,Scott,1,2,24,266,4,59.8,72.4,33.0,5,93,16.5,1,0,1,4.7,60,MID,4.0
Justin,Kluivert,0,0,7,229,1,43.2,22.2,77.0,0,33,13.9,2,0,1,1.0,60,MID,1.2
Lewis,Cook,0,0,7,157,1,15.2,8.4,0.0,0,23,2.4,2,0,0,0.2,50,MID,1.4
Ben,Gannon-Doak,0,0,2,2,1,0.6,2.2,7.0,0,6,1.0,0,0,0,0.1,49,MID,0.4
Tyler,Adams,0,0,6,111,4,13.4,17.4,0.0,0,23,3.1,0,0,0,0.3,50,MID,1.2
David,Brooks,0,0,2,23,2,1.6,0.0,0.0,0,5,0.1,0,0,0,0.1,50,MID,0.4
Ryan,Christie,0,0,2,4,1,0.3,2.8,0.0,0,8,0.3,0,0,0,0.0,50,MID,0.4
Alex,Tóth,0,0,1,15,2,0.6,2.8,0.0,0,5,0.3,0,0,0,0.0,50,MID,0.2
Amine,Adli,0,0,0,0,0,0.0,0.0,0.0,0,0,0.0,0,0,0,0.0,49,MID,0.0
Junior,Kroupi,0,0,0,0,0,0.0,0.0,0.0,0,0,0.0,0,0,0,0.2,74,MID,0.0
Francisco Evanilson,de Lima Barbosa,0,2,11,244,2,39.2,37.6,45.0,0,32,12.1,2,0,1,3.2,60,FWD,1.8
Enes,Ünal,0,0,0,0,0,0.0,0.0,0.0,0,0,0.0,0,0,0,0.0,55,FWD,0.0
Álvaro,Rodríguez,0,0,1,9,1,0.0,0.0,0.0,0,4,0.0,0,0,0,0.1,60,FWD,0.2
António João,Pereira de Albuquerque Tavares da Silva,0,0,7,270,5,3.3,73.8,30.0,0,24,10.7,0,0,1,0.4,50,DEF,1.4
Juanlu,Sánchez,0,0,0,0,0,0.0,0.0,0.0,0,0,0.0,0,0,0,0.2,45,DEF,0.0
Daniel,Jebbison,0,0,2,16,2,0.8,3.4,17.0,0,10,2.1,0,0,0,0.1,50,FWD,0.4
Michele,Di Gregorio,0,0,0,0,0,0.0,0.0,0.0,0,0,0.0,0,0,0,0.0,45,GK,0.0
Caoimhín,Kelleher,0,0,11,270,2,0.0,57.6,0.0,0,51,5.7,1,0,0,6.7,50,GK,2.2
Hákon Rafn,Valdimarsson,0,0,0,0,0,0.0,0.0,0.0,0,0,0.0,0,0,0,0.1,45,GK,0.0
Nathan,Collins,0,0,10,196,1,22.4,40.6,51.0,0,39,11.4,1,0,1,1.7,55,DEF,1.8
Sepp,van den Berg,0,0,0,0,0,0.0,0.0,0.0,0,0,0.0,0,0,0,0.1,49,DEF,0.0
Keane,Lewis-Potter,1,1,18,267,2,92.6,93.8,43.0,3,70,22.9,1,0,0,2.1,55,MID,3.3
Kristoffer,Ajer,0,0,13,270,2,22.2,69.6,37.0,0,44,12.9,1,0,1,4.8,45,DEF,2.9
Michael,Kayode,1,0,16,207,1,17.8,55.8,56.0,1,47,12.9,1,0,0,9.0,46,DEF,3.5
Rico,Henry,0,0,1,2,0,0.0,0.0,0.0,0,3,0.0,0,0,0,0.2,45,DEF,0.2
Aaron,Hickey,0,0,3,61,1,5.4,11.6,0.0,0,8,1.7,0,0,0,0.1,45,DEF,0.7
Kim,Ji-soo,0,0,0,0,0,0.0,0.0,0.0,0,0,0.0,0,0,0,0.0,45,DEF,0.0
Jannik,Schuster,0,0,4,73,1,0.2,17.2,4.0,0,11,2.1,0,0,0,0.1,45,DEF,0.9
Kevin,Schade,1,0,15,267,2,36.2,64.0,101.0,3,62,20.1,1,0,0,3.9,60,MID,2.5
Dango,Ouattara,0,0,5,140,1,57.6,23.2,17.0,0,28,9.8,1,0,0,0.7,64,MID,0.8
Mikkel,Damsgaard,0,1,12,167,1,87.2,34.2,31.0,3,56,15.3,1,0,0,0.5,55,MID,2.2
Mathias,Jensen,0,1,6,66,0,46.2,12.6,13.0,0,22,7.2,1,0,0,0.1,55,MID,1.1
Vitaly,Janelt,2,0,21,270,2,77.3,117.6,45.0,3,76,24.0,1,0,3,1.8,50,MID,4.2
Antoni,Milambo,0,0,0,0,0,0.0,0.0,0.0,0,0,0.0,0,0,0,0.0,50,MID,0.0
Fábio,Freitas Gouveia Carvalho,0,0,0,0,0,0.0,0.0,0.0,0,0,0.0,0,0,0,0.0,50,MID,0.0
Yehor,Yarmoliuk,0,0,2,89,2,16.7,7.6,9.0,0,12,3.4,0,0,1,0.8,49,MID,0.4
Josh,Dasilva,0,0,0,0,0,0.0,0.0,0.0,0,0,0.0,0,0,0,0.0,50,MID,0.0
Jaidon,Anthony,0,0,4,128,1,63.0,13.8,19.0,0,16,9.5,1,0,1,0.1,60,MID,0.7
Igor Thiago,Nascimento Rodrigues,0,0,4,262,2,11.6,20.6,106.0,0,8,13.8,1,0,0,11.7,79,FWD,0.5
Kaye,Furo,0,0,0,0,0,0.0,0.0,0.0,0,0,0.0,0,0,0,1.1,45,FWD,0.0
Callum,Wilson,0,0,3,13,0,10.4,3.2,12.0,0,9,2.6,0,0,0,0.4,55,FWD,0.5
Mamadou,Sangaré,0,2,18,210,1,48.4,56.0,40.0,3,57,14.1,1,0,1,13.8,57,MID,3.2
El Hadji Malick,Diouf,0,0,0,0,0,0.0,0.0,0.0,0,0,0.0,0,0,0,0.1,45,DEF,0.0
Bart,Verbruggen,0,0,9,270,5,3.0,46.0,0.0,0,41,4.9,1,0,0,22.2,45,GK,2.0
Jason,Steele,0,0,0,0,0,0.0,0.0,0.0,0,0,0.0,0,0,0,4.3,40,GK,0.0
Ferdi,Kadıoğlu,0,0,2,167,5,29.2,15.4,27.0,0,4,7.2,0,0,0,1.8,44,DEF,0.5
Olivier,Boscagli,0,0,7,270,5,96.2,52.6,17.0,0,44,16.6,1,0,1,0.3,45,DEF,1.6
Maxim,De Cuyper,1,2,21,243,5,91.1,69.0,50.0,2,61,21.1,1,0,1,20.2,48,DEF,4.4
Lewis,Dunk,0,0,10,270,5,10.3,59.0,4.0,1,40,7.4,1,0,1,1.3,45,DEF,2.2
Diego,Coppola,0,0,0,0,0,0.0,0.0,0.0,0,0,0.0,0,0,0,0.0,45,DEF,0.0
Igor Julio,dos Santos de Paulo,0,0,0,0,0,0.0,0.0,0.0,0,0,0.0,0,0,0,0.1,45,DEF,0.0
João Pedro,Loureiro da Costa,0,0,2,48,0,16.7,14.0,18.0,0,13,4.8,0,0,1,0.0,45,DEF,0.4
Michael,Svoboda,0,0,0,0,0,0.0,0.0,0.0,0,0,0.0,0,0,0,0.1,50,DEF,0.0
Mitoma,Kaoru,0,0,0,0,0,0.0,0.0,0.0,0,0,0.0,0,0,0,0.0,59,MID,0.0
Yankuba,Minteh,0,0,0,0,0,0.0,0.0,0.0,0,0,0.0,0,0,0,0.0,59,MID,0.0
Jack,Hinshelwood,2,0,16,63,0,13.4,72.8,59.0,3,54,14.5,1,0,0,1.0,60,MID,2.7
Pascal,Groß,1,1,16,270,5,106.6,68.8,50.0,3,63,22.2,1,0,2,16.3,56,MID,2.9
Georginio,Rutter,0,1,5,90,0,11.4,19.8,15.0,0,22,4.6,1,0,0,0.6,55,FWD,0.9
Matt,O'Riley,0,0,0,0,0,0.0,0.0,0.0,0,0,0.0,0,0,0,0.1,55,MID,0.0
Diego,Gómez Amarilla,0,2,13,265,5,71.8,52.8,113.0,0,55,23.8,1,0,0,4.9,50,MID,2.6
Facundo,Buonanotte,0,0,0,0,0,0.0,0.0,0.0,0,0,0.0,0,0,0,0.0,50,MID,0.0
Yasin,Ayari,0,0,4,153,1,29.8,11.4,24.0,0,26,6.1,1,0,1,0.4,54,MID,0.7
Mats,Wieffer,0,0,7,156,4,35.5,37.0,10.0,1,38,8.3,1,0,0,0.3,50,DEF,1.4
Harry,Howell,0,0,0,0,0,0.0,0.0,0.0,0,0,0.0,0,0,0,0.0,45,MID,0.0
Tom,Watson,0,0,0,0,0,0.0,0.0,0.0,0,0,0.0,0,0,0,0.0,50,MID,0.0
Nehemiah,Oriola,0,0,0,0,0,0.0,0.0,0.0,0,0,0.0,0,0,0,0.3,45,MID,0.0
Zadok,Yohanna,0,0,1,12,0,1.3,0.2,0.0,0,3,0.2,0,0,0,0.1,49,MID,0.2
Stefanos,Tzimas,0,0,0,0,0,0.0,0.0,0.0,0,0,0.0,0,0,0,0.0,55,FWD,0.0
Charalampos,Kostoulas,0,1,8,195,5,20.8,14.6,51.0,0,25,8.5,0,0,0,0.5,55,FWD,1.5
Evan,Ferguson,0,0,0,0,0,0.0,0.0,0.0,0,0,0.0,0,0,0,0.0,50,FWD,0.0
Pascal,Struijk,0,0,1,1,0,0.1,0.2,0.0,0,3,0.0,0,0,0,0.2,50,DEF,0.2
Luka,Vušković,1,0,18,270,5,14.6,91.4,57.0,2,44,16.3,1,0,0,3.0,50,DEF,3.6
Promise,David,0,0,1,23,0,3.7,0.0,4.0,0,-4,0.4,0,0,1,0.2,60,FWD,0.2
Ibrahim,Osman,0,0,2,28,1,16.7,7.2,6.0,0,13,3.0,0,0,0,0.0,50,MID,0.4
Malick,Yalcouyé,1,0,11,167,4,47.2,59.6,62.0,1,58,16.9,0,0,0,2.9,45,MID,2.4
Jaouen,Hadjam,0,0,0,0,0,0.0,0.0,0.0,0,0,0.0,0,0,0,0.0,45,DEF,0.0
Amario,Cozier-Duberry,0,0,0,0,0,0.0,0.0,0.0,0,0,0.0,0,0,0,0.0,50,MID,0.0
José María,Andrés Baixauli,0,0,0,0,0,0.0,0.0,0.0,0,0,0.0,0,0,0,0.0,55,MID,0.0
Femi,Azeez,0,0,0,0,0,0.0,0.0,0.0,0,0,0.0,0,0,0,0.0,55,MID,0.0
Emiliano,Martínez Romero,0,0,5,180,5,20.0,99.4,0.0,0,44,11.9,0,0,0,5.0,50,GK,1.0
Morgan,Rogers,2,1,19,257,7,113.6,105.8,68.0,1,87,28.7,0,0,1,29.6,76,MID,2.5
Jordan,Henderson,0,0,0,0,0,0.0,0.0,0.0,0,0,0.0,0,0,0,0.0,49,MID,0.0
Danny,Welbeck,0,0,1,3,0,0.3,0.0,2.0,0,3,0.2,0,0,0,0.8,59,FWD,0.2
Robert,Lynch Sánchez,0,0,2,90,2,0.0,21.4,0.0,0,6,2.1,0,0,0,1.0,49,GK,0.4
Filip,Jörgensen,0,0,0,0,0,0.0,0.0,0.0,0,0,0.0,0,0,0,0.0,50,GK,0.0
Reece,James,0,0,2,202,5,32.2,36.4,34.0,0,13,10.3,0,0,1,7.8,54,DEF,0.4
Trevoh,Chalobah,0,0,0,0,0,0.0,0.0,0.0,0,0,0.0,0,0,0,0.1,55,DEF,0.0
Malo,Gusto,0,0,3,195,5,13.9,18.0,7.0,0,5,3.9,0,0,0,1.1,50,DEF,0.6
Wesley,Fofana,0,0,3,157,4,23.7,59.2,0.0,0,14,8.3,0,0,1,0.1,50,DEF,0.6
Benoît,Badiashile Mukinayi,0,0,0,0,0,0.0,0.0,0.0,0,0,0.0,0,0,0,0.0,45,DEF,0.0
Jorrel,Hato,0,2,8,213,7,44.2,73.2,13.0,0,22,13.1,0,0,0,0.9,45,DEF,1.8
Levi,Samuels Colwill,0,0,1,161,4,2.0,19.2,7.0,0,8,2.9,0,0,1,1.1,49,DEF,0.2
Mamadou,Sarr,0,0,0,0,0,0.0,0.0,0.0,0,0,0.0,0,0,0,0.0,45,DEF,0.0
Josh,Acheampong,0,0,5,202,5,4.1,41.6,6.0,0,9,5.1,0,0,0,0.4,45,DEF,1.1
Marco,Palestra,0,0,0,0,0,0.0,0.0,0.0,0,0,0.0,0,0,0,1.1,54,DEF,0.0
Cole,Palmer,2,1,21,262,7,82.4,113.0,112.0,3,99,30.8,0,0,1,23.3,96,MID,2.2
Pedro,Lomba Neto,1,0,10,161,4,53.5,56.6,56.0,0,51,16.6,0,0,0,1.3,65,MID,1.5
Estêvão,Almeida de Oliveira Gonçalves,0,0,2,16,0,0.8,3.4,17.0,0,8,2.2,0,0,0,0.8,64,MID,0.3
Jamie,Bynoe-Gittens,0,0,0,0,0,0.0,0.0,0.0,0,0,0.0,0,0,0,0.0,59,MID,0.0
Moisés,Caicedo Corozo,0,0,1,13,0,0.1,0.0,0.0,0,3,0.0,0,0,0,1.6,54,MID,0.2
Roméo,Lavia,1,0,9,190,6,24.2,58.4,66.0,0,47,14.9,0,0,1,0.2,50,MID,1.8
Dário,Luís Essugo,0,0,0,0,0,0.0,0.0,0.0,0,0,0.0,0,0,0,0.1,45,MID,0.0
Geovany,Quenda,0,0,1,8,0,0.3,1.2,2.0,0,2,0.4,0,0,0,0.0,54,MID,0.2
João Pedro,Junqueira de Jesus,2,2,21,270,7,74.3,104.0,92.0,4,97,26.9,0,0,1,72.6,77,FWD,2.7
Marc,Guiu Paz,0,0,0,0,0,0.0,0.0,0.0,0,0,0.0,0,0,0,0.3,50,FWD,0.0
Shumaira,Mheuka,0,0,0,0,0,0.0,0.0,0.0,0,0,0.0,0,0,0,0.4,45,FWD,0.0
Emmanuel,Emegha,0,0,0,0,0,0.0,0.0,0.0,0,0,0.0,0,0,0,0.2,50,FWD,0.0
Maxence,Lacroix,0,1,9,270,7,12.6,83.2,10.0,0,25,10.5,0,0,1,8.1,60,DEF,1.5
Mike,Penders,0,0,0,0,0,0.0,0.0,0.0,0,0,0.0,0,0,0,0.1,45,GK,0.0
Aaron,Anselmino,0,0,0,0,0,0.0,0.0,0.0,0,0,0.0,0,0,0,0.0,45,DEF,0.0
Valentín,Barco,0,0,1,8,1,0.0,0.0,4.0,0,1,0.2,0,0,0,0.1,55,MID,0.2
Pep,Chavarría,0,0,3,73,1,2.5,11.2,6.0,0,6,2.0,0,0,0,0.2,49,DEF,0.6
Ethan,Pinnock,0,0,4,102,2,0.7,22.0,6.0,0,2,2.9,0,0,1,0.1,45,DEF,0.9
Frank,Onyeka,0,0,4,152,4,2.0,4.0,0.0,0,13,0.6,0,0,0,0.1,49,MID,0.8
Carl,Rushworth,0,0,5,270,5,0.0,43.6,0.0,0,23,4.4,0,0,0,1.0,45,GK,1.1
Oliver,Dovin,0,0,0,0,0,0.0,0.0,0.0,0,0,0.0,0,0,0,1.2,40,GK,0.0
Ben,Wilson,0,0,0,0,0,0.0,0.0,0.0,0,0,0.0,0,0,0,0.4,45,GK,0.0
Bobby,Thomas,0,0,15,257,4,32.7,60.8,25.0,2,58,11.8,1,0,0,8.8,40,DEF,3.8
Liam,Kitching,0,0,0,0,0,0.0,0.0,0.0,0,0,0.0,0,0,0,0.4,40,DEF,0.0
Milan,van Ewijk,0,0,6,270,5,41.1,42.8,10.0,0,12,9.4,0,0,1,11.0,40,DEF,1.5
Jay,Dasilva,0,0,5,264,5,26.0,50.8,17.0,0,21,9.5,0,0,0,0.7,40,DEF,1.2
Kaine,Kesler-Hayden,0,0,0,0,0,0.0,0.0,0.0,0,0,0.0,0,0,0,0.0,40,DEF,0.0
Jake,Bidwell,0,0,0,0,0,0.0,0.0,0.0,0,0,0.0,0,0,0,0.1,40,DEF,0.0
Joel,Latibeaudiere,0,0,0,0,0,0.0,0.0,0.0,0,0,0.0,0,0,0,0.0,40,DEF,0.0
Luke,Woolfenden,0,0,0,0,0,0.0,0.0,0.0,0,0,0.0,0,0,0,0.1,40,DEF,0.0
Miguel,Brau,0,0,0,0,0,0.0,0.0,0.0,0,0,0.0,0,0,0,0.0,40,DEF,0.0
Aurèle,Amenda,0,0,4,270,5,4.2,44.6,11.0,0,9,6.1,0,0,1,0.8,40,DEF,1.0
Jack,Rudoni,0,0,6,152,1,60.0,26.8,54.0,0,24,14.1,1,0,0,0.1,50,MID,1.2
Matt,Grimes,0,0,6,270,5,26.9,46.2,3.0,0,36,7.6,0,0,0,0.1,50,MID,1.2
Tatsuhiro,Sakamoto,0,0,1,31,1,5.9,6.2,7.0,0,8,1.9,0,0,0,0.1,49,MID,0.2
Ephron,Mason-Clark,0,0,3,127,1,16.8,4.2,2.0,0,8,2.1,0,0,0,0.1,54,MID,0.6
Josh,Eccles,0,0,0,0,0,0.0,0.0,0.0,0,0,0.0,0,0,0,0.0,49,MID,0.0
Victor,Torp,0,0,2,47,1,20.0,6.8,0.0,0,10,2.6,0,0,0,0.1,54,MID,0.4
George,Shepherd,0,0,0,0,0,0.0,0.0,0.0,0,0,0.0,0,0,0,0.2,45,MID,0.0
Loum,Tchaouna,0,0,4,166,3,49.3,17.0,29.0,0,27,9.6,0,0,0,0.1,55,MID,0.7
Raphael,Borges Rodrigues,0,0,0,0,0,0.0,0.0,0.0,0,0,0.0,0,0,0,0.1,45,MID,0.0
Kai,Andrews,0,0,0,0,0,0.0,0.0,0.0,0,0,0.0,0,0,0,0.4,45,MID,0.0
Haji,Wright,0,0,0,0,0,0.0,0.0,0.0,0,0,0.0,0,0,0,0.1,54,FWD,0.0
Brandon,Thomas-Asante,0,0,4,120,4,3.4,8.0,4.0,0,20,1.6,0,0,0,0.8,50,FWD,0.8
Ellis,Simms,0,0,3,88,3,22.3,7.6,37.0,0,10,6.7,0,0,0,0.8,50,FWD,0.6
Jahnoah,Markelo,0,0,0,0,0,0.0,0.0,0.0,0,0,0.0,0,0,0,0.0,50,FWD,0.0
Norman,Bassette,0,0,0,0,0,0.0,0.0,0.0,0,0,0.0,0,0,0,0.0,45,FWD,0.0
Taiwo,Awoniyi,0,0,5,180,2,35.3,13.6,68.0,0,16,11.7,0,0,0,0.7,55,FWD,0.9
Caleb,Yirenkyi,0,0,5,158,3,19.4,10.4,7.0,0,23,3.3,1,0,1,0.2,49,MID,1.0
Gustavo,Hamer,0,0,3,32,1,1.8,0.6,0.0,0,6,0.3,0,0,0,0.1,54,MID,0.6
Sidiki,Cherif,0,0,0,0,0,0.0,0.0,0.0,0,0,0.0,0,0,0,0.1,50,FWD,0.0
Dan,Bentley,0,0,0,0,0,0.0,0.0,0.0,0,0,0.0,0,0,0,0.4,40,GK,0.0
Evann,Guessand,0,0,2,54,1,2.1,5.4,7.0,0,6,1.5,0,0,0,0.0,55,MID,0.4
Axel,Disasi,0,0,4,106,3,13.3,32.6,2.0,0,12,4.8,0,0,0,0.1,45,DEF,0.9
Dean,Henderson,0,0,5,270,8,0.0,96.8,0.0,0,37,9.6,0,0,0,2.0,50,GK,1.0
Walter,Benítez,0,0,0,0,0,0.0,0.0,0.0,0,0,0.0,0,0,0,0.1,45,GK,0.0
Chris,Richards,0,0,4,270,8,1.3,86.4,24.0,0,17,11.1,0,0,0,0.7,50,DEF,0.8
Jaydee,Canvot,0,0,2,270,8,8.1,63.2,5.0,0,12,7.6,0,0,0,0.2,49,DEF,0.4
Tyrick,Mitchell,2,0,16,253,8,46.1,101.2,56.0,2,32,20.3,0,0,0,5.9,45,DEF,3.6
Borna,Sosa,0,0,0,0,0,0.0,0.0,0.0,0,0,0.0,0,0,0,0.0,45,DEF,0.0
Chadi,Riad Dnanou,0,0,1,72,2,1.3,12.6,0.0,0,7,1.4,0,0,0,0.0,44,DEF,0.2
Oscar,Mingueza,0,0,2,16,1,0.4,3.2,0.0,0,5,0.3,0,0,0,0.1,44,DEF,0.5
Ismaïla,Sarr,0,0,0,0,0,0.0,0.0,0.0,0,0,0.0,0,0,0,0.9,63,MID,0.0
Adam,Wharton,0,0,8,270,8,58.4,47.8,2.0,0,51,10.9,0,0,0,0.9,55,MID,1.5
Yéremy,Pino Santos,0,2,11,190,5,83.1,20.8,21.0,0,56,12.5,0,0,0,0.4,55,MID,2.0
Will,Hughes,0,0,1,16,0,0.3,2.4,0.0,0,3,0.3,0,0,0,8.8,45,MID,0.2
Jefferson,Lerma Solís,0,0,0,0,0,0.0,0.0,0.0,0,0,0.0,0,0,0,0.1,49,MID,0.0
Daichi,Kamada,0,1,10,268,8,55.3,57.6,13.0,0,67,12.6,0,0,1,0.3,50,MID,2.0
Justin,Devenny,0,0,0,0,0,0.0,0.0,0.0,0,0,0.0,0,0,0,0.0,50,MID,0.0
Romain,Esse,0,0,0,0,0,0.0,0.0,0.0,0,0,0.0,0,0,0,0.0,50,MID,0.0
Matheus,França de Oliveira,0,0,0,0,0,0.0,0.0,0.0,0,0,0.0,0,0,0,0.0,49,MID,0.0
Cheick,Doucouré,0,0,0,0,0,0.0,0.0,0.0,0,0,0.0,0,0,0,0.1,49,MID,0.0
Jesurun,Rak-Sakyi,0,0,0,0,0,0.0,0.0,0.0,0,0,0.0,0,0,0,0.0,49,MID,0.0
Rio,Cardines,0,0,0,0,0,0.0,0.0,0.0,0,0,0.0,0,0,0,0.0,45,DEF,0.0
Joél,Drakes-Thomas,0,0,0,0,0,0.0,0.0,0.0,0,0,0.0,0,0,0,0.1,45,MID,0.0
Jørgen,Strand Larsen,0,0,4,134,3,4.6,8.6,21.0,0,20,3.5,0,0,0,0.5,60,FWD,0.7
Jean-Philippe,Mateta,0,0,2,62,2,12.3,1.4,11.0,0,-3,2.5,0,0,0,1.9,64,FWD,0.3
Eddie,Nketiah,0,1,7,167,7,45.8,34.2,50.0,0,36,13.0,0,0,0,0.7,55,FWD,1.3
Christantus,Uche,0,0,0,0,0,0.0,0.0,0.0,0,0,0.0,0,0,0,0.0,50,FWD,0.0
Dwight,McNeil,0,0,3,84,3,5.0,10.0,2.0,0,13,1.7,0,0,0,0.1,54,MID,0.6
Remi,Matthews,0,0,0,0,0,0.0,0.0,0.0,0,0,0.0,0,0,0,1.8,40,GK,0.0
Takehiro,Tomiyasu,0,0,2,91,3,3.7,15.0,2.0,0,0,2.1,0,0,0,0.3,45,DEF,0.4
Anan,Khalaili,0,0,6,199,5,30.3,72.0,15.0,0,27,11.8,0,0,1,0.2,50,DEF,1.2
Zavier,Gozo,0,0,1,22,1,1.3,1.4,0.0,0,3,0.3,0,0,0,0.0,50,MID,0.2
Honest,Ahanor,0,0,0,0,0,0.0,0.0,0.0,0,0,0.0,0,0,0,0.0,45,DEF,0.0
Ben,Chilwell,1,0,7,16,0,0.7,33.2,17.0,0,20,5.1,0,0,0,0.4,45,DEF,1.6
Quinten,Timber,0,0,2,73,2,0.2,4.2,1.0,0,8,0.5,0,0,0,0.0,50,MID,0.4
Darío,Osorio,0,0,1,1,0,0.3,2.0,0.0,0,2,0.2,0,0,0,0.0,55,MID,0.2
Christian,Nørgaard,0,0,0,0,0,0.0,0.0,0.0,0,0,0.0,0,0,0,0.1,49,MID,0.0
Brennan,Johnson,0,0,3,99,1,23.2,11.8,9.0,0,7,4.4,0,0,1,0.1,59,MID,0.5
Jordan,Pickford,0,0,11,270,3,0.0,72.6,0.0,0,62,7.3,1,0,0,8.6,55,GK,2.0
Mark,Travers,0,0,0,0,0,0.0,0.0,0.0,0,0,0.0,0,0,0,0.0,50,GK,0.0
Tom,King,0,0,0,0,0,0.0,0.0,0.0,0,0,0.0,0,0,0,0.0,45,GK,0.0
James,Tarkowski,1,0,21,270,3,13.1,94.4,29.0,2,63,13.6,1,0,0,11.3,60,DEF,3.5
Jarrad,Branthwaite,0,0,13,270,3,2.9,82.8,73.0,0,43,15.8,1,0,0,1.9,55,DEF,2.4
Michael,Keane,0,0,0,0,0,0.0,0.0,0.0,0,0,0.0,0,0,0,0.9,49,DEF,0.0
Jake,O'Brien,0,0,0,0,0,0.0,0.0,0.0,0,0,0.0,0,0,0,0.3,49,DEF,0.0
Vitalii,Mykolenko,0,0,11,270,3,17.3,62.4,2.0,0,42,8.2,1,0,0,1.9,45,DEF,2.4
Nathan,Patterson,0,0,0,0,0,0.0,0.0,0.0,0,0,0.0,0,0,0,0.0,45,DEF,0.0
Adam,Aznou,0,0,0,0,0,0.0,0.0,0.0,0,0,0.0,0,0,0,0.1,40,DEF,0.0
Kiernan,Dewsbury-Hall,1,0,15,270,3,110.6,86.2,69.0,3,84,26.6,1,0,0,4.5,65,MID,2.3
Jack,Grealish,0,0,2,32,1,12.9,7.0,10.0,0,10,3.0,0,0,0,0.4,65,MID,0.3
James,Garner,0,0,4,148,2,44.0,17.8,2.0,0,34,6.5,0,0,1,0.1,60,MID,0.7
Tyrique,George,1,0,15,234,3,70.0,57.2,66.0,3,60,19.3,1,0,0,0.5,55,MID,2.7
Carlos,Alcaraz Durán,0,0,1,5,0,0.8,5.0,25.0,0,5,2.7,0,0,1,0.1,50,MID,0.2
Harrison,Armstrong,0,1,11,266,3,33.7,45.2,13.0,0,42,9.3,1,0,1,0.4,50,MID,2.2
Tyler,Dibling,0,0,0,0,0,0.0,0.0,0.0,0,0,0.0,0,0,0,0.0,54,MID,0.0
Merlin,Röhl,0,0,6,249,2,32.1,26.6,2.0,0,35,6.1,1,0,1,0.0,50,MID,1.2
Hayden,Hackney,0,1,8,121,1,39.1,37.0,17.0,0,33,9.3,1,0,0,0.2,55,MID,1.5
Norberto Bercique,Gomes Betuncal,0,0,2,31,0,0.3,3.0,5.0,0,5,0.8,0,0,0,1.1,54,FWD,0.4
Thierno,Barry,1,0,12,237,3,45.7,48.2,123.0,2,50,21.7,1,0,0,5.7,56,FWD,2.1
Ainsley,Maitland-Niles,1,0,7,13,1,0.8,33.4,7.0,0,13,4.1,0,0,0,0.2,45,DEF,1.6
Braiden,Graham,0,0,0,0,0,0.0,0.0,0.0,0,0,0.0,0,0,0,0.1,45,MID,0.0
Bernd,Leno,0,0,6,270,7,0.0,67.6,0.0,0,30,6.8,0,0,0,3.0,45,GK,1.3
Benjamin,Lecomte,0,0,0,0,0,0.0,0.0,0.0,0,0,0.0,0,0,0,1.2,40,GK,0.0
Alfie,McNally,0,0,0,0,0,0.0,0.0,0.0,0,0,0.0,0,0,0,0.1,40,GK,0.0
Joachim,Andersen,0,0,2,180,4,35.8,42.2,8.0,0,12,8.6,0,0,1,0.1,50,DEF,0.4
Antonee,Robinson,0,0,4,249,7,54.6,46.0,12.0,0,21,11.2,0,0,0,1.5,45,DEF,0.9
Jorge,Cuenca Barreno,0,0,3,90,3,21.3,32.8,0.0,0,7,5.4,0,0,0,0.0,45,DEF,0.7
Kenny,Tete,0,0,0,0,0,0.0,0.0,0.0,0,0,0.0,0,0,0,0.2,44,DEF,0.0
Calvin,Bassey,0,0,3,270,7,12.8,47.0,2.0,0,16,6.2,0,0,1,0.7,45,DEF,0.7
Timothy,Castagne,0,2,13,247,6,52.6,58.6,53.0,0,38,16.4,1,0,1,0.8,45,DEF,2.9
Alex,Iwobi,0,0,6,262,7,70.5,32.0,13.0,0,52,11.6,0,0,0,0.8,55,MID,1.1
Emile,Smith Rowe,0,0,2,25,0,23.3,5.4,9.0,0,8,3.8,0,0,0,0.3,54,MID,0.4
Kevin,Santos Lopes de Macedo,0,0,2,24,0,3.4,5.2,0.0,0,4,0.8,0,0,0,0.0,54,MID,0.4
Oscar,Bobb,0,0,7,211,6,85.0,28.0,65.0,0,35,17.8,1,0,0,0.3,55,MID,1.3
Sander,Berge,0,0,5,183,5,53.9,22.8,9.0,0,37,8.6,0,0,0,0.3,50,MID,1.0
Tom,Cairney,0,0,0,0,0,0.0,0.0,0.0,0,0,0.0,0,0,0,0.0,50,MID,0.0
Josh,King,2,0,19,270,7,46.1,96.8,96.0,3,80,23.9,0,0,0,1.1,55,MID,3.5
Ryan,Sessegnon,0,0,3,50,1,26.3,17.2,31.0,0,13,7.5,0,0,0,0.3,45,DEF,0.7
Harrison,Reed,0,0,0,0,0,0.0,0.0,0.0,0,0,0.0,0,0,0,1.2,45,MID,0.0
Rodrigo,Muniz Carvalho,0,0,2,15,0,21.6,9.2,34.0,0,11,6.5,0,0,0,0.5,54,FWD,0.4
Jonah,Kusi-Asare,0,0,0,0,0,0.0,0.0,0.0,0,0,0.0,0,0,0,6.2,45,FWD,0.0
Gonzalo,García,1,0,10,270,7,21.1,48.6,103.0,0,45,17.3,0,0,0,4.2,60,FWD,1.7
César,Palacios,1,0,11,207,6,22.3,39.6,62.0,1,43,12.4,0,0,1,0.2,55,MID,2.0
Shea,Charles,0,0,4,123,4,39.3,16.4,14.0,0,25,7.0,0,0,0,0.1,50,MID,0.8
Luc,De Fougerolles,0,0,0,0,0,0.0,0.0,0.0,0,0,0.0,0,0,0,0.1,40,DEF,0.0
Macaulay,Zepa,0,0,0,0,0,0.0,0.0,0.0,0,0,0.0,0,0,0,0.4,45,MID,0.0
Hugo,Larsson,0,0,1,11,0,1.3,3.6,9.0,0,3,1.4,0,0,0,0.0,50,MID,0.2
Manuel Ángel,Morán Ibáñez,0,0,0,0,0,0.0,0.0,0.0,0,0,0.0,0,0,0,0.0,50,MID,0.0
David,Affengruber,0,0,0,0,0,0.0,0.0,0.0,0,0,0.0,0,0,0,0.0,45,DEF,0.0
Tim,Iroegbunam,0,0,1,4,0,0.0,0.0,0.0,0,2,0.0,0,0,0,0.0,50,MID,0.2
Dillon,Phillips,0,0,0,0,0,0.0,0.0,0.0,0,0,0.0,0,0,0,1.5,40,GK,0.0
Jack,Butland,0,0,0,0,0,0.0,0.0,0.0,0,0,0.0,0,0,0,0.1,45,GK,0.0
Harvey,Cartwright,0,0,0,0,0,0.0,0.0,0.0,0,0,0.0,0,0,0,0.0,40,GK,0.0
Thimothée,Lo-Tutala,0,0,0,0,0,0.0,0.0,0.0,0,0,0.0,0,0,0,0.0,40,GK,0.0
John,Egan,0,0,23,270,0,0.6,82.6,2.0,1,70,8.6,3,0,0,6.2,41,DEF,5.6
Charlie,Hughes,0,0,0,0,0,0.0,0.0,0.0,0,0,0.0,0,0,0,0.1,40,DEF,0.0
Semi,Ajayi,1,0,25,243,0,1.7,70.8,35.0,2,80,10.7,3,0,1,11.5,41,DEF,6.1
Lewie,Coyle,0,0,12,177,0,16.2,11.8,0.0,0,44,2.8,2,0,1,0.6,40,DEF,3.0
Cody,Drameh,0,0,2,65,0,0.4,6.4,1.0,0,8,0.8,0,0,0,0.1,40,DEF,0.5
Ryan,Giles,0,0,20,264,0,60.2,38.2,6.0,2,75,10.5,3,0,0,1.3,40,DEF,5.0
Matty,Jacob,0,0,0,0,0,0.0,0.0,0.0,0,0,0.0,0,0,0,0.0,40,DEF,0.0
Cathal,McCarthy,0,0,0,0,0,0.0,0.0,0.0,0,0,0.0,0,0,0,0.1,40,DEF,0.0
Paddy,McNair,0,0,1,26,0,0.0,4.2,0.0,0,3,0.4,0,0,0,0.1,40,DEF,0.2
Mohamed,Belloumi,0,1,14,253,0,26.7,56.6,28.0,0,46,11.1,3,0,0,1.0,50,MID,2.8
Liam,Millar,1,0,6,50,0,1.1,36.0,15.0,0,26,5.2,0,0,1,0.0,50,MID,1.2
Kieran,Dowell,0,0,0,0,0,0.0,0.0,0.0,0,0,0.0,0,0,0,0.3,45,MID,0.0
Matt,Crooks,0,0,2,90,0,2.4,19.0,0.0,0,9,2.1,1,0,1,0.5,45,MID,0.4
Regan,Slater,0,1,11,270,0,34.4,38.8,10.0,0,36,8.4,3,0,1,5.2,45,MID,2.4
Eliot,Matazo,0,0,0,0,0,0.0,0.0,0.0,0,0,0.0,0,0,0,0.0,45,MID,0.0
Abdülkadir,Ömür,0,0,0,0,0,0.0,0.0,0.0,0,0,0.0,0,0,0,0.0,49,MID,0.0
Abu,Kamara,0,0,0,0,0,0.0,0.0,0.0,0,0,0.0,0,0,0,0.0,50,MID,0.0
Óscar,Zambrano,0,0,0,0,0,0.0,0.0,0.0,0,0,0.0,0,0,0,0.1,45,MID,0.0
Oli,McBurnie,0,1,8,270,0,45.7,20.6,75.0,0,30,14.1,3,0,1,2.0,55,FWD,1.5
David,Akintola,0,0,0,0,0,0.0,0.0,0.0,0,0,0.0,0,0,0,0.0,50,MID,0.0
Darko,Gyabi,0,0,0,0,0,0.0,0.0,0.0,0,0,0.0,0,0,0,0.0,45,MID,0.0
Enis,Destan,0,0,0,0,0,0.0,0.0,0.0,0,0,0.0,0,0,0,0.2,45,FWD,0.0
Mason,Burstow,0,0,0,0,0,0.0,0.0,0.0,0,0,0.0,0,0,0,0.0,45,FWD,0.0
Joe,Gelhardt,0,0,0,0,0,0.0,0.0,0.0,0,0,0.0,0,0,0,0.0,50,MID,0.0
Matt,Targett,0,0,1,5,0,0.0,0.4,0.0,0,3,0.0,0,0,0,2.0,40,DEF,0.2
Hidemasa,Morita,0,0,1,45,0,13.4,11.0,0.0,0,6,2.4,0,0,0,0.0,50,MID,0.2
Konstantinos,Tzolakis,0,0,26,270,0,0.0,72.4,0.0,6,98,7.3,3,0,0,9.5,46,GK,5.7
Jens,Hjertø-Dahl,0,0,1,8,0,0.0,0.0,0.0,0,4,0.0,0,0,0,0.1,49,MID,0.2
Elliot,Stroud,0,0,6,190,0,20.9,8.4,11.0,0,14,3.6,2,0,1,0.1,50,MID,1.2
Lucas,Herrington,0,0,3,76,0,0.3,17.6,0.0,0,9,1.8,0,0,0,0.6,40,DEF,0.8
Nobel,Mendy,1,0,24,191,0,1.2,95.6,54.0,1,66,15.1,2,0,0,7.6,40,DEF,6.0
Lucas,Gourna-Douath,0,0,3,126,0,22.5,26.2,0.0,0,13,4.9,1,0,1,0.0,50,MID,0.6
Mohamed-Ali,Cho,0,0,2,15,0,0.3,3.4,17.0,0,8,2.1,0,0,0,0.0,50,MID,0.4
Ilyas,Ansah,0,0,0,0,0,0.0,0.0,0.0,0,0,0.0,0,0,0,0.0,50,FWD,0.0
Robinio,Vaz,0,0,0,0,0,0.0,0.0,0.0,0,0,0.0,0,0,0,0.0,50,FWD,0.0
Brooke,Norton-Cuffy,0,0,1,26,0,0.3,2.2,2.0,0,3,0.5,0,0,0,0.3,40,DEF,0.2
Sorba,Thomas,0,0,1,27,0,10.8,3.2,0.0,0,5,1.4,0,0,0,0.0,55,MID,0.2
Christos,Mouzakitis,0,0,0,0,0,0.0,0.0,0.0,0,0,0.0,0,0,0,0.0,50,MID,0.0
Issa,Diop,0,0,7,270,8,11.9,75.2,2.0,0,24,8.9,0,0,0,14.7,40,DEF,1.8
Saša,Lukić,0,1,8,252,7,40.9,51.2,4.0,0,46,9.6,0,0,1,0.1,50,MID,1.6
Christian,Walton,0,0,0,0,0,0.0,0.0,0.0,0,0,0.0,0,0,0,0.4,45,GK,0.0
Alex,Palmer,0,0,0,0,0,0.0,0.0,0.0,0,0,0.0,0,0,0,4.2,40,GK,0.0
David,Button,0,0,0,0,0,0.0,0.0,0.0,0,0,0.0,0,0,0,0.5,40,GK,0.0
Cédric,Kipré,0,0,0,0,0,0.0,0.0,0.0,0,0,0.0,0,0,0,0.5,40,DEF,0.0
Dara,O'Shea,0,0,7,270,8,29.7,71.8,15.0,0,7,11.6,0,0,0,3.1,40,DEF,1.8
Leif,Davis,1,0,9,270,8,38.5,79.6,69.0,0,15,18.8,0,0,0,5.1,40,DEF,2.2
Jacob,Greaves,0,0,2,270,8,14.9,49.8,4.0,0,5,6.9,0,0,1,1.2,40,DEF,0.5
Ben,Johnson,0,0,0,0,0,0.0,0.0,0.0,0,0,0.0,0,0,0,0.1,40,DEF,0.0
Darnell,Furlong,0,0,1,17,1,0.5,5.0,0.0,0,-1,0.6,0,0,0,0.5,40,DEF,0.2
Marcelino,Núñez,0,0,6,140,4,19.4,24.6,6.0,0,32,5.0,0,0,0,0.1,50,MID,1.2
Azor,Matusiwa,0,0,0,0,0,0.0,0.0,0.0,0,0,0.0,0,0,0,0.0,49,MID,0.0
Wes,Burns,0,0,0,0,0,0.0,0.0,0.0,0,0,0.0,0,0,0,0.0,50,MID,0.0
Jack,Taylor,0,0,0,0,0,0.0,0.0,0.0,0,0,0.0,0,0,0,0.0,45,MID,0.0
Jack,Clarke,1,0,8,43,0,12.3,37.0,22.0,1,30,7.1,0,0,0,0.2,55,MID,1.5
Chiedozie,Ogbene,0,0,0,0,0,0.0,0.0,0.0,0,0,0.0,0,0,0,0.0,49,MID,0.0
Abdul,Fatawu,0,1,8,225,8,103.6,55.4,14.0,0,61,17.3,0,0,1,0.2,55,MID,1.5
Emersonn,Correia da Silva,1,0,12,175,4,37.4,49.8,50.0,3,56,13.7,0,0,0,1.7,55,FWD,2.2
George,Hirst,0,0,0,0,0,0.0,0.0,0.0,0,0,0.0,0,0,0,0.1,50,FWD,0.0
Jaden,Philogene,0,0,0,0,0,0.0,0.0,0.0,0,0,0.0,0,0,0,0.1,54,MID,0.0
Sam,Szmodics,0,0,0,0,0,0.0,0.0,0.0,0,0,0.0,0,0,0,0.0,50,MID,0.0
Chuba,Akpom,1,0,6,69,4,1.7,34.6,19.0,0,33,5.5,0,0,0,1.2,50,FWD,1.2
Sindre,Walle Egeli,0,0,1,10,0,0.1,0.0,0.0,0,3,0.0,0,0,0,3.4,45,FWD,0.2
Ali,Al-Hamadi,0,0,0,0,0,0.0,0.0,0.0,0,0,0.0,0,0,0,0.1,50,FWD,0.0
Kasey,McAteer,0,0,3,42,0,1.8,4.6,7.0,0,12,1.4,0,0,0,1.2,45,MID,0.7
Anis,Mehmeti,0,0,0,0,0,0.0,0.0,0.0,0,0,0.0,0,0,0,0.0,49,MID,0.0
Kayne,van Oevelen,0,0,0,0,0,0.0,0.0,0.0,0,0,0.0,0,0,0,0.0,45,GK,0.0
Daizen,Maeda,0,0,6,216,7,2.9,28.8,43.0,0,26,7.4,0,0,0,0.3,54,MID,1.1
Kjell,Scherpen,0,0,6,270,8,0.0,88.6,0.0,0,34,8.8,0,0,0,0.6,45,GK,1.3
Florentino Ibrain,Morris Luís,0,0,0,0,0,0.0,0.0,0.0,0,0,0.0,0,0,0,0.1,49,MID,0.0
Julio,Enciso,0,2,11,250,8,48.9,53.6,62.0,0,65,16.5,0,0,1,0.8,55,MID,2.0
Abdoul,Ouattara,0,0,3,39,1,24.6,9.4,0.0,0,7,3.4,0,0,0,0.9,40,DEF,0.8
Cameron,Humphreys,0,0,0,0,0,0.0,0.0,0.0,0,0,0.0,0,0,0,0.0,45,MID,0.0
Exequiel,Palacios,0,0,5,105,4,34.5,27.4,2.0,0,35,6.4,0,0,0,0.0,50,MID,1.0
Zian,Flemming,0,0,1,24,0,0.5,3.2,7.0,0,4,1.1,0,0,0,0.0,55,FWD,0.2
Harry,Wilson,0,0,4,127,0,47.7,16.0,12.0,0,15,7.7,1,0,1,3.2,63,MID,0.6
Lucas Estella,Perri,0,0,0,0,0,0.0,0.0,0.0,0,0,0.0,0,0,0,0.4,45,GK,0.0
Jaka,Bijol,0,0,12,164,2,0.6,38.2,15.0,2,29,5.4,1,0,0,0.9,50,DEF,2.4
Joe,Rodon,0,0,7,123,0,14.7,23.0,7.0,0,25,4.5,1,0,0,1.6,44,DEF,1.6
Jayden,Bogle,1,0,22,217,1,14.1,61.0,37.0,3,63,11.2,2,0,1,1.6,45,DEF,4.9
Gabriel,Gudmundsson,0,0,2,90,1,1.2,12.6,2.0,0,9,1.6,0,0,0,0.1,45,DEF,0.4
James,Justin,0,0,16,270,2,15.6,66.0,32.0,2,49,11.3,1,0,0,1.5,45,DEF,3.6
Sebastiaan,Bornauw,0,0,0,0,0,0.0,0.0,0.0,0,0,0.0,0,0,0,0.0,45,DEF,0.0
Tarik,Muharemović,0,0,14,270,2,2.2,96.4,21.0,0,52,11.9,1,0,0,3.5,50,DEF,2.8
Anton,Stach,1,0,19,270,2,35.8,87.8,39.0,3,57,16.3,1,0,0,2.8,60,MID,3.2
Noah,Okafor,0,0,6,153,1,22.1,17.8,16.0,0,30,5.6,1,0,0,0.3,59,MID,1.0
Brenden,Aaronson,0,0,5,154,2,2.7,10.2,7.0,0,27,2.0,1,0,0,0.6,54,MID,0.9
Ethan,Ampadu,0,0,9,270,2,41.2,61.8,1.0,0,43,10.4,1,0,0,1.0,55,MID,1.6
Sean,Longstaff,0,0,1,8,0,0.2,0.0,0.0,0,3,0.0,0,0,0,0.1,49,MID,0.2
Wilfried,Gnonto,0,0,0,0,0,0.0,0.0,0.0,0,0,0.0,0,0,0,0.0,50,MID,0.0
Jack,Harrison,0,0,0,0,0,0.0,0.0,0.0,0,0,0.0,0,0,0,0.0,50,MID,0.0
Daniel,James,0,0,1,22,0,1.1,0.0,12.0,0,2,1.1,0,0,0,0.1,50,MID,0.2
Ilia,Gruev,0,0,0,0,0,0.0,0.0,0.0,0,0,0.0,0,0,0,0.0,50,MID,0.0
Tanaka,Ao,0,1,6,117,1,14.0,40.8,13.0,0,24,6.8,0,0,0,0.2,49,MID,1.2
Dominic,Calvert-Lewin,1,0,10,252,2,16.1,42.8,67.0,2,29,12.1,1,0,2,23.5,60,FWD,1.7
Lukas,Nmecha,0,1,5,38,0,22.1,18.2,15.0,0,20,5.4,0,0,0,0.5,54,FWD,0.9
Joël,Piroe,0,0,0,0,0,0.0,0.0,0.0,0,0,0.0,0,0,0,0.1,50,FWD,0.0
Mateo,Joseph Fernández-Regatillo,0,0,0,0,0,0.0,0.0,0.0,0,0,0.0,0,0,0,0.1,45,FWD,0.0
James,Trafford,0,0,15,270,2,0.0,91.8,0.0,2,66,9.2,1,0,0,5.4,50,GK,3.0
Nico,Elvedi,0,0,5,146,2,22.2,43.6,12.0,0,21,7.8,0,0,0,0.0,45,DEF,1.1
Jayden,Lienou,0,0,0,0,0,0.0,0.0,0.0,0,0,0.0,0,0,0,0.1,40,DEF,0.0
Alfie,Cresswell,0,0,0,0,0,0.0,0.0,0.0,0,0,0.0,0,0,0,0.1,45,MID,0.0
Alex,Cairns,0,0,0,0,0,0.0,0.0,0.0,0,0,0.0,0,0,0,0.2,40,GK,0.0
Michael,Zetterer,0,0,0,0,0,0.0,0.0,0.0,0,0,0.0,0,0,0,0.5,40,GK,0.0
Melvin,Bard,0,0,0,0,0,0.0,0.0,0.0,0,0,0.0,0,0,0,0.0,45,DEF,0.0
Jean-Mattéo,Bahoya,0,0,0,0,0,0.0,0.0,0.0,0,0,0.0,0,0,0,0.0,50,MID,0.0
Alisson,Becker,0,0,10,270,4,0.0,55.8,0.0,1,37,5.6,1,0,1,3.8,55,GK,1.8
Giorgi,Mamardashvili,0,0,0,0,0,0.0,0.0,0.0,0,0,0.0,0,0,0,0.1,49,GK,0.0
Freddie,Woodman,0,0,0,0,0,0.0,0.0,0.0,0,0,0.0,0,0,0,1.1,40,GK,0.0
Armin,Pecsi,0,0,0,0,0,0.0,0.0,0.0,0,0,0.0,0,0,0,0.0,40,GK,0.0
Vitezslav,Jaros,0,0,0,0,0,0.0,0.0,0.0,0,0,0.0,0,0,0,0.0,40,GK,0.0
Harvey,Davies,0,0,0,0,0,0.0,0.0,0.0,0,0,0.0,0,0,0,0.2,40,GK,0.0
Virgil,van Dijk,0,0,9,270,4,7.7,73.4,26.0,0,45,10.7,1,0,1,17.2,65,DEF,1.4
Jeremie,Frimpong,0,0,1,160,4,51.6,26.4,14.0,0,12,9.2,0,0,1,2.4,54,DEF,0.2
Milos,Kerkez,0,0,6,250,4,37.9,55.8,12.0,0,35,10.6,1,0,2,2.8,54,DEF,1.1
Joe,Gomez,0,0,0,0,0,0.0,0.0,0.0,0,0,0.0,0,0,0,0.0,50,DEF,0.0
Conor,Bradley,0,0,0,0,0,0.0,0.0,0.0,0,0,0.0,0,0,0,0.0,50,DEF,0.0
Wellity,Lucky,0,0,0,0,0,0.0,0.0,0.0,0,0,0.0,0,0,0,0.1,40,DEF,0.0
Jeremy,Jacquet,0,0,9,235,4,39.5,66.0,4.0,0,50,10.9,1,0,1,2.7,50,DEF,1.8
Giovanni,Leoni,0,0,0,0,0,0.0,0.0,0.0,0,0,0.0,0,0,0,0.0,40,DEF,0.0
Kostas,Tsimikas,0,0,1,19,0,1.3,3.6,9.0,0,4,1.4,0,0,0,0.1,49,DEF,0.2
Calvin,Ramsay,0,0,0,0,0,0.0,0.0,0.0,0,0,0.0,0,0,0,0.1,40,DEF,0.0
Florian,Wirtz,0,1,9,242,4,76.2,44.2,73.0,0,53,19.4,1,0,1,8.3,74,MID,1.2
Cody,Gakpo,1,3,28,250,4,104.5,116.8,56.0,5,97,27.7,1,0,0,14.1,72,MID,3.9
Dominik,Szoboszlai,1,0,15,270,4,117.7,91.2,46.0,1,73,25.5,1,0,0,38.4,70,MID,2.1
Rio,Ngumoha,0,0,3,81,2,7.3,4.4,7.0,0,14,1.8,0,0,0,0.6,58,MID,0.5
Federico,Chiesa,0,0,0,0,0,0.0,0.0,0.0,0,0,0.0,0,0,0,0.1,54,MID,0.0
Ryan,Gravenberch,0,1,7,122,2,29.8,31.0,4.0,0,35,6.5,0,0,0,1.4,59,MID,1.2
Alexis,Mac Allister,0,0,5,186,2,21.9,35.0,18.0,0,33,7.4,1,0,1,1.4,54,MID,0.9
Curtis,Jones,0,0,0,0,0,0.0,0.0,0.0,0,0,0.0,0,0,0,0.0,55,MID,0.0
Endo,Wataru,0,0,0,0,0,0.0,0.0,0.0,0,0,0.0,0,0,0,0.1,50,MID,0.0
Trey,Nyoni,0,0,2,19,0,2.3,6.6,0.0,0,6,0.9,0,0,0,0.0,49,MID,0.4
Stefan,Bajčetić Maquieira,0,0,0,0,0,0.0,0.0,0.0,0,0,0.0,0,0,0,0.0,50,MID,0.0
Victor,Munoz,1,1,13,180,2,30.0,47.0,49.0,0,48,12.6,1,0,1,1.2,65,MID,2.0
James,McConnell,0,0,0,0,0,0.0,0.0,0.0,0,0,0.0,0,0,0,0.2,45,MID,0.0
Alexander,Isak,3,0,23,243,4,31.3,112.4,148.0,5,97,29.1,1,0,0,21.2,91,FWD,2.5
Hugo,Ekitiké,0,0,0,0,0,0.0,0.0,0.0,0,0,0.0,0,0,0,0.1,74,FWD,0.0
Lewis,Koumas,0,0,2,13,0,0.5,1.2,7.0,0,7,0.9,0,0,0,0.0,50,MID,0.4
Jayden,Danns,0,0,0,0,0,0.0,0.0,0.0,0,0,0.0,0,0,0,0.1,45,FWD,0.0
Harvey,Elliott,0,0,0,0,0,0.0,0.0,0.0,0,0,0.0,0,0,0,0.0,54,MID,0.0
Ronald,Araujo,0,0,9,123,0,5.9,39.0,2.0,0,29,4.6,1,0,1,2.4,54,DEF,1.7
Bradley,Barcola,0,0,1,26,0,10.5,3.0,2.0,0,5,1.6,0,0,0,1.8,80,MID,0.1
Enzo,Fernández,0,0,4,100,0,30.9,13.6,18.0,0,23,6.2,1,0,0,3.2,69,MID,0.6
Iliman,Ndiaye,0,1,16,266,1,72.2,60.4,68.0,1,64,20.1,2,0,0,9.8,59,MID,2.7
Gianluigi,Donnarumma,0,0,10,270,2,0.0,60.4,0.0,0,46,6.1,1,0,0,7.7,55,GK,1.8
Marcus,Bettinelli,0,0,0,0,0,0.0,0.0,0.0,0,0,0.0,0,0,0,0.0,45,GK,0.0
Nico,O'Reilly,0,0,4,150,2,38.2,12.4,16.0,0,16,6.6,0,0,0,14.5,65,DEF,0.6
Marc,Guéhi,1,0,20,270,2,42.9,96.6,30.0,4,74,16.9,1,0,0,18.6,60,DEF,3.3
Matheus,Nunes,0,0,1,33,0,1.5,3.8,4.0,0,4,0.9,0,0,0,1.0,59,DEF,0.2
Rúben,dos Santos Gato Alves Dias,0,0,10,270,2,46.8,72.0,37.0,0,55,15.5,1,0,0,1.8,55,DEF,1.8
Joško,Gvardiol,1,1,22,254,2,51.0,94.0,26.0,3,77,17.1,1,0,0,19.9,56,DEF,3.9
Rayan,Aït-Nouri,0,0,0,0,0,0.0,0.0,0.0,0,0,0.0,0,0,0,0.5,53,DEF,0.0
Abdukodir,Khusanov,0,0,9,268,2,12.6,51.6,4.0,0,53,6.8,1,0,1,1.6,55,DEF,1.6
Max,Alleyne,0,0,0,0,0,0.0,0.0,0.0,0,0,0.0,0,0,0,0.0,50,DEF,0.0
Rico,Lewis,0,0,1,56,1,3.8,3.8,39.0,0,-1,4.7,0,0,0,0.2,45,DEF,0.2
Vitor,de Oliveira Nunes dos Reis,0,0,1,1,0,0.9,1.2,0.0,0,3,0.2,0,0,0,0.0,45,DEF,0.2
Antoine,Semenyo,0,2,13,270,2,97.8,57.6,82.0,0,75,23.8,1,0,0,17.6,84,MID,1.5
Phil,Foden,0,2,11,195,2,110.2,57.6,39.0,1,56,20.7,0,0,1,4.6,70,MID,1.6
Rayan,Cherki,2,2,25,173,1,148.8,121.4,77.0,4,111,34.8,1,0,1,30.1,78,MID,3.2
Jérémy,Doku,0,0,0,0,0,0.0,0.0,0.0,0,0,0.0,0,0,0,0.8,74,MID,0.0
Rodrigo 'Rodri',Hernandez Cascante,0,0,0,0,0,0.0,0.0,0.0,0,0,0.0,0,0,0,0.0,65,MID,0.0
Tijjani,Reijnders,0,0,0,0,0,0.0,0.0,0.0,0,0,0.0,0,0,0,0.0,60,MID,0.0
Mateo,Kovačić,0,0,2,42,0,5.2,4.2,0.0,0,12,0.9,0,0,0,0.1,54,MID,0.4
Claudio,Echeverri,0,0,0,0,0,0.0,0.0,0.0,0,0,0.0,0,0,0,0.0,49,MID,0.0
Kalvin,Phillips,0,0,0,0,0,0.0,0.0,0.0,0,0,0.0,0,0,0,0.0,50,MID,0.0
Divine,Mukasa,0,0,0,0,0,0.0,0.0,0.0,0,0,0.0,0,0,0,0.1,45,MID,0.0
Jeremy,Monga,0,0,0,0,0,0.0,0.0,0.0,0,0,0.0,0,0,0,0.0,49,MID,0.0
Erling,Haaland,3,0,24,270,2,18.9,121.6,164.0,6,106,30.4,1,0,0,71.3,155,FWD,1.5
Elliot,Anderson,0,0,8,233,2,69.1,58.8,18.0,0,62,14.6,1,0,1,4.5,63,MID,1.3
Gerónimo,Rulli,0,0,0,0,0,0.0,0.0,0.0,0,0,0.0,0,0,0,0.0,50,GK,0.0
Ayyoub,Bouaddi,0,0,2,22,0,4.8,13.0,0.0,0,8,1.8,0,0,0,0.2,55,MID,0.4
Ryan,McAidoo,0,0,2,11,0,0.5,5.2,3.0,0,8,0.8,0,0,0,0.1,45,MID,0.4
Kaden,Braithwaite,0,0,1,1,0,0.8,0.6,0.0,0,3,0.1,0,0,0,0.2,40,DEF,0.2
Allan,Andrade Elias,0,0,0,0,0,0.0,0.0,0.0,0,0,0.0,0,0,0,0.0,60,MID,0.0
Floyd,Samba,0,0,0,0,0,0.0,0.0,0.0,0,0,0.0,0,0,0,0.0,45,MID,0.0
Youri,Tielemans,0,0,8,246,6,76.5,56.8,33.0,0,56,16.7,0,0,0,1.8,59,MID,1.4
Carlos,Baleba,0,0,0,0,0,0.0,0.0,0.0,0,0,0.0,0,0,0,0.1,50,MID,0.0
Andrey,Nascimento dos Santos,0,0,4,82,4,5.5,24.8,8.0,0,23,3.9,0,0,0,0.7,49,MID,0.8
Karl,Darlow,0,0,0,0,0,0.0,0.0,0.0,0,0,0.0,0,0,0,0.0,45,GK,0.0
Senne,Lammens,0,0,5,270,6,0.0,79.0,0.0,0,31,7.9,0,0,0,12.1,50,GK,1.0
Altay,Bayındır,0,0,0,0,0,0.0,0.0,0.0,0,0,0.0,0,0,0,0.0,45,GK,0.0
Tom,Heaton,0,0,0,0,0,0.0,0.0,0.0,0,0,0.0,0,0,0,0.1,40,GK,0.0
Patrick,Dorgu,0,0,2,75,5,14.2,11.2,57.0,0,-4,7.3,0,0,1,0.6,58,MID,0.3
Matthijs,de Ligt,0,0,0,0,0,0.0,0.0,0.0,0,0,0.0,0,0,0,0.0,50,DEF,0.0
Diogo,Dalot Teixeira,0,0,4,166,2,76.2,28.8,39.0,0,26,14.5,0,0,1,2.0,49,DEF,0.8
Harry,Maguire,0,1,7,270,6,31.4,59.4,27.0,0,29,11.8,0,0,1,12.1,49,DEF,1.4
Lisandro,Martínez,0,0,4,180,4,2.1,33.8,3.0,0,9,3.9,0,0,0,1.2,50,DEF,0.8
Leny,Yoro,0,0,2,22,2,2.4,7.8,2.0,0,-1,1.3,0,0,0,0.5,49,DEF,0.4
Ayden,Heaven,0,0,1,90,2,2.6,6.8,11.0,0,5,2.0,0,0,0,0.3,44,DEF,0.2
Noussair,Mazraoui,0,0,3,97,4,31.2,21.0,11.0,0,6,6.4,0,0,0,0.6,44,DEF,0.7
Luke,Shaw,0,1,7,252,4,85.6,86.0,13.0,0,47,18.4,0,0,1,13.6,44,DEF,1.6
Harry,Amass,0,0,0,0,0,0.0,0.0,0.0,0,0,0.0,0,0,0,0.2,40,DEF,0.0
Tyler,Fredricson,0,0,0,0,0,0.0,0.0,0.0,0,0,0.0,0,0,0,0.0,40,DEF,0.0
Bruno,Borges Fernandes,3,1,27,270,6,151.5,156.0,97.0,3,116,40.5,0,0,0,45.5,120,MID,2.2
Bryan,Mbeumo,2,1,21,270,6,85.1,95.0,102.0,3,78,28.3,0,0,1,25.2,79,MID,2.7
Matheus,Santos Carneiro da Cunha,0,2,14,227,3,62.0,28.2,73.0,1,55,16.4,1,0,0,6.9,79,MID,1.8
Marcus,Rashford,0,0,6,193,1,95.4,31.4,70.0,0,37,19.6,1,0,0,1.6,70,MID,0.9
Mason,Mount,0,0,0,0,0,0.0,0.0,0.0,0,0,0.0,0,0,0,0.0,54,MID,0.0
Amad,Diallo,0,0,0,0,0,0.0,0.0,0.0,0,0,0.0,0,0,0,0.4,58,MID,0.0
Kobbie,Mainoo,0,1,14,185,2,34.2,52.2,11.0,2,64,9.7,0,0,0,1.3,55,MID,2.5
Manuel,Ugarte Ribeiro,0,0,0,0,0,0.0,0.0,0.0,0,0,0.0,0,0,0,0.0,50,MID,0.0
Jack,Fletcher,0,0,0,0,0,0.0,0.0,0.0,0,0,0.0,0,0,0,0.0,49,MID,0.0
Shea,Lacey,0,0,1,10,0,0.6,0.2,0.0,0,3,0.1,0,0,0,0.1,49,MID,0.2
Toby,Collyer,0,0,0,0,0,0.0,0.0,0.0,0,0,0.0,0,0,0,0.0,50,MID,0.0
Bendito,Mantato,0,0,0,0,0,0.0,0.0,0.0,0,0,0.0,0,0,0,0.2,45,MID,0.0
Tyler,Fletcher,0,0,0,0,0,0.0,0.0,0.0,0,0,0.0,0,0,0,0.3,45,MID,0.0
Benjamin,Sesko,1,0,7,53,3,11.2,33.4,32.0,0,35,7.6,0,0,0,1.6,70,FWD,1.0
Joshua,Zirkzee,0,0,0,0,0,0.0,0.0,0.0,0,0,0.0,0,0,0,0.4,54,FWD,0.0
Chido,Obi,0,0,0,0,0,0.0,0.0,0.0,0,0,0.0,0,0,0,1.2,45,FWD,0.0
Nico,González Iglesias,0,0,4,146,2,41.9,13.4,2.0,0,20,5.8,1,0,1,0.3,55,MID,0.7
Nick,Pope,0,0,0,0,0,0.0,0.0,0.0,0,0,0.0,0,0,0,1.0,49,GK,0.0
Mark,Gillespie,0,0,0,0,0,0.0,0.0,0.0,0,0,0.0,0,0,0,0.0,45,GK,0.0
Ewen,Jaouen,0,0,0,0,0,0.0,0.0,0.0,0,0,0.0,0,0,0,0.0,45,GK,0.0
Malick,Thiaw,0,0,8,270,4,14.0,52.2,2.0,0,25,6.8,1,0,0,2.1,50,DEF,1.6
Fabian,Schär,0,0,1,1,1,0.0,0.0,0.0,0,-1,0.0,0,0,0,0.2,50,DEF,0.2
Sven,Botman,0,0,9,270,4,3.0,69.6,6.0,0,29,7.9,1,0,1,0.7,50,DEF,1.8
Dan,Burn,0,0,0,0,0,0.0,0.0,0.0,0,0,0.0,0,0,0,1.0,49,DEF,0.0
Lewis,Hall,0,1,18,269,4,55.9,89.0,7.0,3,80,15.1,1,0,0,12.2,51,DEF,3.5
Tino,Livramento,0,0,1,1,0,0.0,0.2,0.0,0,3,0.0,0,0,0,0.0,49,DEF,0.2
Alex,Murphy,0,0,0,0,0,0.0,0.0,0.0,0,0,0.0,0,0,0,0.1,40,DEF,0.0
Harvey,Barnes,1,1,17,270,4,27.3,45.4,39.0,2,58,11.2,1,0,0,2.1,60,MID,2.8
Anthony,Elanga,2,0,18,232,3,50.6,82.6,61.0,2,71,19.4,1,0,1,11.0,61,MID,3.0
Jacob,Ramsey,1,0,7,69,1,6.3,40.4,21.0,0,26,6.7,0,0,1,0.4,49,MID,1.4
Jacob,Murphy,0,0,2,35,1,3.5,2.4,4.0,0,7,0.9,0,0,1,0.1,59,MID,0.3
Joelinton Cássio,Apolinário de Lira,0,0,0,0,0,0.0,0.0,0.0,0,0,0.0,0,0,0,0.0,54,MID,0.0
Lewis,Miley,0,0,8,227,3,37.2,30.0,5.0,0,40,7.2,1,0,1,0.1,55,MID,1.5
Joe,Willock,1,0,11,166,3,20.4,44.4,28.0,0,34,8.5,1,0,0,0.5,50,MID,2.2
Bazoumana,Touré,0,0,1,1,0,0.0,0.0,0.0,0,3,0.0,0,0,0,0.1,58,MID,0.2
Sean,Steur,0,0,3,87,1,1.7,7.4,0.0,0,10,1.0,0,0,0,0.1,49,MID,0.6
Nick,Woltemade,0,1,4,19,0,10.5,18.2,11.0,0,18,4.0,0,0,0,0.7,59,FWD,0.7
Yoane,Wissa,1,1,13,261,3,33.9,55.6,74.0,2,51,16.3,1,0,2,17.2,62,FWD,2.1
William,Osula,0,1,4,55,1,13.7,28.2,8.0,0,18,5.0,0,0,0,0.4,59,FWD,0.7
Sean,Neave,0,0,0,0,0,0.0,0.0,0.0,0,0,0.0,0,0,0,0.7,45,FWD,0.0
Aladji,Bamba,0,0,1,14,1,0.0,4.0,0.0,0,5,0.4,0,0,0,0.1,49,MID,0.2
Lukás,Hornícek,0,0,10,270,4,0.0,109.2,0.0,0,56,10.9,1,0,1,1.3,50,GK,2.0
Amar,Dedic,0,1,13,270,4,38.0,59.6,15.0,2,39,11.3,1,0,0,3.4,45,DEF,2.9
Leo,Shahar,0,0,0,0,0,0.0,0.0,0.0,0,0,0.0,0,0,0,0.3,40,DEF,0.0
Matias,Fernandez-Pardo,0,0,1,27,0,0.8,0.0,6.0,0,4,0.7,0,0,0,0.1,60,FWD,0.2
Liam,Delap,0,0,3,97,1,30.9,6.4,12.0,0,15,4.9,1,0,0,0.8,55,FWD,0.5
Daniel,Muñoz Mejía,0,0,1,85,2,2.6,3.6,25.0,0,1,3.1,0,0,0,5.9,54,DEF,0.2
Matz,Sels,0,0,9,270,3,0.0,33.2,0.0,0,38,3.3,1,0,0,1.4,50,GK,1.8
John Victor,Maciel Furtado,0,0,0,0,0,0.0,0.0,0.0,0,0,0.0,0,0,0,0.1,45,GK,0.0
Neco,Williams,0,1,15,270,3,42.0,61.0,16.0,1,57,11.9,1,0,0,8.2,50,DEF,3.0
Felipe,Rodrigues da Silva,0,0,0,0,0,0.0,0.0,0.0,0,0,0.0,0,0,0,0.0,50,DEF,0.0
Nikola,Milenković,0,0,12,270,3,1.4,53.2,16.0,0,34,7.0,1,0,1,1.6,55,DEF,2.2
Murillo,Costa dos Santos,0,0,13,269,3,27.4,61.2,18.0,0,42,10.7,1,0,0,1.6,55,DEF,2.4
Ola,Aina,0,0,6,216,2,51.6,40.8,15.0,0,34,10.8,1,0,2,2.8,45,DEF,1.3
Jair,Paula da Cunha Filho,0,0,10,270,3,2.4,55.4,1.0,0,35,5.9,1,0,1,0.2,45,DEF,2.2
Nicolò,Savona,0,0,0,0,0,0.0,0.0,0.0,0,0,0.0,0,0,0,0.0,45,DEF,0.0
Omar,Richards,0,0,0,0,0,0.0,0.0,0.0,0,0,0.0,0,0,0,0.2,40,DEF,0.0
Zach,Abbott,0,0,0,0,0,0.0,0.0,0.0,0,0,0.0,0,0,0,0.2,40,DEF,0.0
Luca,Netz,0,0,2,20,1,0.9,2.0,0.0,0,3,0.3,0,0,0,0.0,45,DEF,0.4
Tyler,Bindon,0,0,0,0,0,0.0,0.0,0.0,0,0,0.0,0,0,0,0.1,40,DEF,0.0
Morgan,Gibbs-White,1,1,18,270,3,24.8,62.0,46.0,3,49,13.2,1,0,0,9.4,79,MID,2.3
Callum,Hudson-Odoi,0,0,1,1,0,0.3,0.0,0.0,0,2,0.0,0,0,0,0.2,59,MID,0.2
Dan,Ndoye,1,0,13,184,1,25.8,37.6,36.0,2,40,10.0,1,0,0,0.7,55,MID,2.4
Omari,Hutchinson,0,0,0,0,0,0.0,0.0,0.0,0,0,0.0,0,0,0,0.1,54,MID,0.0
Dilane,Bakwa,0,0,0,0,0,0.0,0.0,0.0,0,0,0.0,0,0,0,0.0,55,MID,0.0
James,McAtee,0,0,7,253,2,120.5,34.0,10.0,0,56,16.5,2,0,1,0.1,55,MID,1.3
Nicolás,Domínguez,0,0,1,1,0,0.0,0.2,0.0,0,3,0.0,0,0,0,0.1,49,MID,0.2
Ibrahim,Sangaré,0,0,2,90,1,13.0,17.8,3.0,0,10,3.4,0,0,0,0.6,49,MID,0.4
Ryan,Yates,0,0,0,0,0,0.0,0.0,0.0,0,0,0.0,0,0,0,1.4,45,MID,0.0
Chris,Wood,0,0,2,44,1,2.5,0.2,3.0,0,6,0.4,0,0,0,1.1,59,FWD,0.3
Igor Jesus,Maciel da Cruz,0,0,4,211,3,20.5,15.0,69.0,0,15,10.5,0,0,1,2.7,59,FWD,0.7
Arnaud,Kalimuendo,0,0,1,1,0,0.0,0.0,0.0,0,3,0.0,0,0,0,0.1,54,FWD,0.2
Xaver,Schlager,0,0,8,196,3,4.0,33.0,10.0,0,36,4.8,1,0,0,0.1,50,MID,1.6
Ousmane,Diomande,0,0,1,1,0,0.0,0.0,0.0,0,3,0.0,0,0,0,0.6,54,DEF,0.2
Steven,Benda,0,0,0,0,0,0.0,0.0,0.0,0,0,0.0,0,0,0,0.1,45,GK,0.0
Jan Paul,van Hecke,0,0,10,270,5,29.3,71.4,46.0,2,41,14.6,1,0,0,6.9,49,DEF,2.0
Tosin,Adarabioyo,0,0,0,0,0,0.0,0.0,0.0,0,0,0.0,0,0,0,0.2,44,DEF,0.0
Omar,Marmoush,0,0,4,173,2,37.5,9.2,38.0,0,20,8.2,1,0,0,2.2,70,FWD,0.6
Sávio,Moreira de Oliveira,0,0,3,60,0,17.3,6.2,15.0,0,15,3.9,1,0,0,0.7,65,MID,0.5
Sandro,Tonali,0,0,9,254,5,40.7,34.0,12.0,0,52,8.7,1,0,0,2.6,54,MID,1.7
Guglielmo,Vicario,0,0,0,0,0,0.0,0.0,0.0,0,0,0.0,0,0,0,0.2,45,GK,0.0
Brandon,Austin,0,0,0,0,0,0.0,0.0,0.0,0,0,0.0,0,0,0,1.0,40,GK,0.0
Antonín,Kinský,0,0,9,270,5,10.0,57.8,0.0,0,43,6.8,1,0,0,18.6,45,GK,2.0
Martin,Dubravka,0,0,0,0,0,0.0,0.0,0.0,0,0,0.0,0,0,0,17.9,40,GK,0.0
Marcos,Senesi Barón,0,0,3,90,3,2.2,36.6,0.0,0,10,3.9,0,0,0,4.8,59,DEF,0.5
Pedro,Porro Sauceda,0,0,8,180,2,43.7,22.6,27.0,1,29,9.3,1,0,0,11.4,55,DEF,1.5
Cristian,Romero,0,0,0,0,0,0.0,0.0,0.0,0,0,0.0,0,0,0,0.1,50,DEF,0.0
Andrew,Robertson,0,0,6,186,4,36.3,49.0,27.0,0,23,11.2,0,0,0,2.9,45,DEF,1.3
Micky,van de Ven,0,0,9,180,2,3.3,36.6,14.0,3,35,5.4,1,0,1,3.8,50,DEF,1.8
Djed,Spence,0,0,0,0,0,0.0,0.0,0.0,0,0,0.0,0,0,0,0.3,45,DEF,0.0
Destiny,Udogie,0,0,7,86,1,13.5,9.8,4.0,0,21,2.7,1,0,1,0.4,45,DEF,1.6
Ashley,Phillips,0,0,0,0,0,0.0,0.0,0.0,0,0,0.0,0,0,0,0.0,45,DEF,0.0
Ben,Davies,0,0,0,0,0,0.0,0.0,0.0,0,0,0.0,0,0,0,0.9,40,DEF,0.0
Jun'ai,Byfield,0,0,0,0,0,0.0,0.0,0.0,0,0,0.0,0,0,0,0.1,40,DEF,0.0
James,Rowswell,0,0,0,0,0,0.0,0.0,0.0,0,0,0.0,0,0,0,0.1,40,DEF,0.0
João Victor,de Souza Menezes,0,0,0,0,0,0.0,0.0,0.0,0,0,0.0,0,0,0,0.2,40,DEF,0.0
Mohammed,Kudus,0,0,2,51,1,18.4,6.4,13.0,0,17,3.8,0,0,0,0.1,65,MID,0.3
Xavi,Simons,0,0,0,0,0,0.0,0.0,0.0,0,0,0.0,0,0,0,0.0,60,MID,0.0
Mathys,Tel,0,0,7,230,4,49.5,21.0,63.0,0,38,13.3,1,0,0,0.3,58,MID,1.2
James,Maddison,0,0,1,22,0,8.3,4.4,8.0,0,6,2.1,0,0,0,0.5,63,MID,0.2
Rodrigo,Bentancur,0,0,8,225,3,25.1,35.8,6.0,0,39,6.8,1,0,0,0.2,55,MID,1.5
Wilson,Odobert,0,0,0,0,0,0.0,0.0,0.0,0,0,0.0,0,0,0,0.0,55,MID,0.0
Pape Matar,Sarr,0,0,0,0,0,0.0,0.0,0.0,0,0,0.0,0,0,0,0.1,49,MID,0.0
Conor,Gallagher,0,0,3,128,2,9.9,10.2,3.0,0,24,2.2,1,0,1,0.2,54,MID,0.6
Lucas,Bergvall,0,0,1,45,2,2.0,0.0,2.0,0,2,0.0,0,0,0,0.2,54,MID,0.2
Dejan,Kulusevski,0,0,0,0,0,0.0,0.0,0.0,0,0,0.0,0,0,0,0.0,65,MID,0.0
Archie,Gray,0,0,4,152,4,4.8,8.0,0.0,0,24,1.3,0,0,0,0.2,50,MID,0.8
Mikey,Moore,0,0,3,89,4,6.3,14.2,56.0,0,11,7.5,0,0,0,0.1,50,MID,0.6
Callum,Olusesi,0,0,0,0,0,0.0,0.0,0.0,0,0,0.0,0,0,0,0.7,45,MID,0.0
Mateus,Fernandes,0,0,3,142,3,73.9,21.2,3.0,0,33,9.7,0,0,1,1.0,58,MID,0.5
Dominic,Solanke-Mitchell,0,0,3,43,0,0.6,3.2,15.0,0,8,1.9,0,0,0,1.0,59,FWD,0.5
Richarlison,de Andrade,0,0,2,67,3,2.2,0.0,0.0,0,6,0.2,0,0,0,1.1,59,FWD,0.3
Dane,Scarlett,0,0,0,0,0,0.0,0.0,0.0,0,0,0.0,0,0,0,1.4,45,FWD,0.0
Mykhailo,Mudryk,0,0,1,16,0,0.1,0.0,2.0,0,3,0.1,0,0,0,0.1,54,MID,0.2
Luca,Williams-Barnett,0,0,0,0,0,0.0,0.0,0.0,0,0,0.0,0,0,0,0.1,45,MID,0.0
Kevin,Danso,0,0,2,90,1,10.9,20.8,0.0,0,9,3.2,0,0,0,0.2,50,DEF,0.4
Robin,Roefs,0,0,9,270,3,0.0,31.8,0.0,0,40,3.2,1,0,0,3.1,50,GK,1.8
Anthony,Patterson,0,0,0,0,0,0.0,0.0,0.0,0,0,0.0,0,0,0,0.1,40,GK,0.0
Melker,Ellborg,0,0,0,0,0,0.0,0.0,0.0,0,0,0.0,0,0,0,0.1,45,GK,0.0
Daniel,Ballard,0,0,12,270,3,12.7,66.8,15.0,0,43,9.4,1,0,1,3.4,49,DEF,2.4
Nordi,Mukiele,0,0,13,180,1,13.0,75.0,2.0,1,44,9.0,1,0,0,2.3,55,DEF,2.4
Trai,Hume,0,0,9,195,1,58.6,31.8,15.0,0,46,10.6,1,0,0,4.4,45,DEF,2.0
Omar,Alderete,0,0,1,23,1,0.6,0.0,0.0,0,2,0.0,0,0,0,0.3,49,DEF,0.2
Reinildo,Mandava,0,0,9,270,3,35.0,53.8,6.0,0,49,9.5,1,0,0,0.4,45,DEF,2.0
Jenson,Seelt,0,0,0,0,0,0.0,0.0,0.0,0,0,0.0,0,0,0,0.0,45,DEF,0.0
Leo Fuhr,Hjelde,0,0,0,0,0,0.0,0.0,0.0,0,0,0.0,0,0,0,0.0,40,DEF,0.0
Luke,O'Nien,0,0,1,66,1,1.4,11.4,4.0,0,1,1.7,0,0,1,2.8,40,DEF,0.2
Arthur,Masuaku,0,0,0,0,0,0.0,0.0,0.0,0,0,0.0,0,0,0,0.2,40,DEF,0.0
Thomas,Meunier,0,0,9,243,3,26.8,41.6,26.0,0,32,9.5,1,0,0,0.3,45,DEF,2.0
Enzo,Le Fée,1,0,13,258,2,34.8,48.0,54.0,1,51,13.8,1,0,0,4.9,59,MID,2.2
Habib,Diarra,0,1,5,28,1,10.9,15.6,2.0,0,18,2.9,0,0,0,0.0,54,MID,0.9
Granit,Xhaka,0,1,18,270,3,109.8,54.4,3.0,5,72,16.7,1,0,1,4.4,55,MID,3.3
Noah,Sadiki,0,0,6,253,3,54.9,41.8,79.0,0,55,17.6,1,0,1,0.3,49,MID,1.2
Simon,Adingra,0,0,0,0,0,0.0,0.0,0.0,0,0,0.0,0,0,0,0.0,49,MID,0.0
Romaine,Mundle,0,0,1,1,0,0.1,8.0,17.0,0,2,2.5,0,0,0,0.0,49,MID,0.2
Chris,Rigg,0,0,2,17,1,0.3,0.0,0.0,0,6,0.0,0,0,0,0.1,49,MID,0.4
Chemsdine,Talbi,0,0,1,31,1,0.9,0.0,0.0,0,1,0.0,0,0,0,0.2,54,MID,0.2
Djiamgone Jocelin Ta,Bi,0,0,0,0,0,0.0,0.0,0.0,0,0,0.0,0,0,0,0.0,50,MID,0.0
Nilson,Angulo,1,0,10,185,2,25.7,48.6,32.0,0,47,10.6,1,0,1,0.1,50,MID,2.0
Brian,Brobbey,0,0,6,219,2,41.4,4.4,44.0,0,17,8.9,1,0,0,7.7,59,FWD,1.0
Wilson,Isidor,1,1,13,75,1,0.6,29.4,35.0,3,47,6.5,0,0,0,1.4,55,FWD,2.4
Dayann,Méthalie,0,0,0,0,0,0.0,0.0,0.0,0,0,0.0,0,0,0,0.0,45,DEF,0.0
Jules,Ahoka,0,0,0,0,0,0.0,0.0,0.0,0,0,0.0,0,0,0,0.3,45,MID,0.0
Malick,Fofana,0,0,1,16,0,0.5,0.0,0.0,0,3,0.1,0,0,0,0.0,55,MID,0.2
Juan,Angulo,0,0,0,0,0,0.0,0.0,0.0,0,0,0.0,0,0,0,0.4,45,FWD,0.0
