id,xP
1,3.0
2,0.0
3,0.0
4,2.5
5,0.0
6,0.0
7,1.5
8,4.5
9,0.5
10,5.5
11,3.0
12,4.5
13,1.5
14,0.5
15,5.5
16,0.5
17,0.5
18,0.0
19,0.5
20,0.0
22,0.0
23,0.0
24,0.0
25,0.0
26,3.0
27,0.0
31,0.0
452,0.0
557,3.0
28,0.0
29,0.5
30,0.0
32,-0.5
33,0.5
34,0.0
35,0.5
36,0.0
37,-1.0
38,0.0
39,0.0
41,1.0
44,0.0
45,0.5
46,1.0
47,1.0
48,0.0
49,0.0
50,0.0
51,1.0
52,0.5
53,0.0
54,0.0
55,0.0
56,0.0
160,0.5
582,0.0
596,0.5
597,0.0
606,0.0
607,0.0
611,1.7
618,2.2
57,1.0
58,0.0
59,0.0
60,0.5
61,0.5
62,0.0
63,0.0
64,0.5
65,0.0
66,0.0
67,1.0
68,5.0
69,1.0
70,1.5
71,1.5
72,0.5
73,0.5
74,0.0
75,0.0
76,0.5
77,0.0
78,0.0
79,2.0
80,0.0
81,0.0
566,1.0
573,0.0
608,0.5
615,1.9
82,3.5
83,0.0
84,3.0
85,0.0
86,5.0
87,4.0
88,6.5
89,0.0
90,0.5
92,0.0
93,0.0
94,1.5
95,1.5
96,0.5
97,3.0
98,4.5
99,0.0
100,0.0
102,0.5
103,0.0
105,0.5
106,0.0
107,0.0
108,0.5
565,7.0
620,1.7
109,3.0
111,0.0
113,0.0
114,3.0
115,8.5
116,3.0
117,0.0
118,0.0
119,0.5
120,0.0
121,0.0
122,0.0
123,2.0
124,1.0
125,1.9
126,0.0
127,3.0
128,0.0
129,1.0
130,3.5
132,0.0
133,0.0
134,0.0
135,0.5
137,0.0
138,0.5
139,0.0
328,0.0
504,3.0
594,0.0
600,0.5
605,0.5
614,1.7
40,4.0
101,0.0
136,0.0
140,1.0
141,0.0
142,0.0
143,0.0
144,0.5
145,0.0
146,0.0
147,0.0
148,0.5
149,0.0
150,0.0
151,1.5
152,0.0
154,6.5
155,0.5
156,0.5
157,0.5
158,0.0
159,0.0
161,0.5
163,0.0
164,0.5
165,5.5
166,0.0
168,0.0
169,0.0
170,0.0
200,3.0
560,0.0
561,0.0
568,0.0
578,0.0
583,0.5
91,0.0
104,1.0
110,0.5
171,0.0
172,0.0
173,1.5
174,0.0
175,0.5
176,0.5
177,0.0
178,0.0
179,0.0
180,0.0
181,0.0
182,0.5
183,0.5
184,1.0
185,0.0
186,0.0
187,0.0
188,0.5
189,0.0
190,1.0
191,0.0
192,0.0
193,0.0
194,1.0
195,1.0
196,0.0
197,0.0
492,0.5
575,0.5
584,0.5
599,0.0
42,1.0
153,0.0
198,2.0
199,0.0
201,0.0
202,2.0
203,1.0
204,1.0
205,0.0
206,0.0
207,0.0
208,0.0
210,3.0
211,3.0
212,0.0
213,0.0
214,2.5
215,0.0
216,0.0
217,0.0
218,0.0
219,0.0
220,0.0
221,0.0
222,1.5
223,1.0
224,1.5
225,0.0
241,1.0
555,0.0
577,1.0
588,2.0
595,0.0
21,0.0
209,0.5
226,3.5
227,0.0
228,0.0
229,3.0
230,3.0
231,0.0
232,0.0
233,3.0
234,0.0
235,0.0
236,5.5
237,4.5
239,0.5
240,0.0
242,1.5
243,0.5
244,4.0
245,0.0
246,1.5
247,0.8
248,0.5
249,4.0
250,1.0
251,0.0
252,0.0
253,0.0
254,0.5
255,1.5
256,0.0
257,0.0
258,3.0
261,1.0
262,0.0
263,0.5
264,1.0
265,1.0
266,0.0
268,3.5
269,0.5
270,0.0
271,0.5
272,0.0
569,3.0
570,1.0
580,0.5
610,0.0
273,0.0
274,0.0
275,0.0
276,0.0
277,4.0
278,0.0
279,7.0
280,3.0
281,0.5
282,3.0
283,0.0
284,0.0
285,0.5
286,1.5
287,0.0
288,0.0
289,1.0
290,3.0
291,0.0
292,0.0
293,0.0
294,0.0
295,2.5
296,0.0
297,0.0
298,0.0
299,0.0
340,0.0
556,0.5
563,0.0
572,5.0
574,0.0
576,1.5
585,0.5
586,7.5
589,0.0
617,1.5
259,1.0
267,2.5
300,0.0
301,0.0
302,0.0
303,0.0
304,2.0
305,1.0
306,1.0
307,0.0
308,0.0
309,2.0
310,0.0
311,0.0
312,0.0
313,3.5
314,0.0
315,1.0
316,4.5
317,0.0
318,0.0
319,0.0
320,0.5
321,0.5
322,0.0
323,0.5
324,0.0
554,0.0
562,1.0
564,1.0
571,0.0
591,2.5
592,0.5
602,0.0
619,1.5
260,1.5
326,0.0
327,5.0
329,3.0
330,3.0
331,0.0
332,5.0
333,0.0
334,3.0
335,6.5
336,0.5
337,1.5
338,2.5
339,0.5
341,0.0
342,0.0
343,0.0
344,0.0
345,0.0
346,0.5
347,0.0
348,0.0
349,0.0
385,4.5
598,0.0
603,0.0
604,0.0
350,1.0
351,0.0
352,0.0
353,0.0
354,0.0
355,0.0
356,1.0
357,0.0
358,0.0
359,0.0
360,0.0
361,0.0
362,0.5
363,0.0
364,0.0
365,0.0
366,1.0
367,6.0
368,4.0
369,1.0
370,0.0
371,2.5
372,0.5
373,0.0
374,0.0
375,0.0
376,0.0
377,2.0
378,0.0
379,1.0
380,0.0
381,0.5
382,0.0
383,0.0
579,0.5
238,0.5
384,1.5
386,0.0
387,2.0
388,6.0
389,0.4
390,2.0
391,7.0
392,0.0
393,2.0
394,0.0
395,0.5
396,0.0
397,4.0
398,3.0
399,11.0
400,0.0
402,0.0
404,0.0
406,0.5
407,0.0
408,0.0
409,0.0
410,0.0
411,5.0
481,2.5
587,0.0
616,2.0
43,1.0
131,0.0
162,1.0
325,0.0
412,0.5
413,0.0
414,0.0
415,0.0
416,0.0
417,0.5
418,0.5
419,0.0
420,0.0
421,0.5
422,0.5
423,0.5
424,0.0
425,0.0
426,1.0
427,1.0
428,1.0
429,0.5
430,0.0
431,0.0
432,0.5
433,0.0
434,0.0
435,0.5
436,0.0
437,0.0
438,0.0
439,0.5
440,0.0
441,0.0
405,0.0
442,0.0
443,0.0
444,0.0
445,1.5
446,0.5
447,1.5
448,0.0
449,1.5
450,0.0
451,0.0
453,1.0
454,4.5
456,0.0
457,0.0
458,0.0
459,1.5
460,3.0
461,0.0
462,0.5
463,0.0
464,2.0
465,0.0
466,0.0
559,0.5
567,0.5
593,0.5
609,0.0
167,0.0
467,1.0
468,0.0
469,1.0
470,0.0
471,1.0
472,2.0
473,2.5
474,0.5
475,0.0
476,0.0
477,0.0
478,0.5
479,0.0
480,1.0
482,0.0
483,1.5
484,0.0
485,0.0
486,1.5
487,0.0
488,0.0
489,0.0
490,0.5
491,1.0
493,0.5
558,0.5
581,0.0
590,0.0
112,0.5
401,0.0
403,0.0
455,1.0
494,0.0
495,0.0
496,1.0
497,0.0
498,1.5
499,0.0
500,0.0
501,0.0
502,1.5
503,0.0
505,0.0
506,0.5
507,0.0
508,0.0
509,0.0
510,0.0
511,0.0
512,0.0
513,0.0
514,1.0
515,0.4
516,0.5
517,0.0
518,0.0
519,0.0
520,0.5
521,0.0
522,1.0
523,1.0
524,0.0
525,0.5
526,0.5
527,1.0
528,0.0
601,0.0
529,0.5
530,0.0
531,0.0
532,0.0
533,0.0
534,1.0
535,0.5
536,0.5
537,0.0
538,0.0
539,0.5
540,0.0
541,0.5
542,1.0
543,0.5
544,4.5
545,1.0
546,0.0
547,0.0
548,0.5
549,0.5
550,0.0
551,2.5
552,1.0
553,0.5
612,0.0
613,1.0
